instance_id,agent_count,interaction_level,strategy,agent_order,original_index_order,agent_degrees,independent_conflict_count,independent_conflict_pair_count,ordering_low_level_searches,incident_conflict_counts,success,termination_reason,ordering_time_ms,pp_time_ms,total_time_ms,soc,makespan,conflict_count,error_message,pp_low_level_searches,pp_agents_planned
AR0204SR_n05_high_000,5,high,cdf_h,"[0, 2, 3, 4, 1]","[0, 2, 3, 4, 1]","[2, 0, 2, 2, 2]",4,4,5,"[2, 0, 2, 2, 2]",True,success,3285.9025000361726,3385.672500007786,6671.575000043958,1263,352,0,,5,5
AR0204SR_n05_high_000,5,high,cdf_l,"[1, 0, 2, 3, 4]","[1, 0, 2, 3, 4]","[2, 0, 2, 2, 2]",4,4,5,"[2, 0, 2, 2, 2]",True,success,3267.4433999927714,3407.923399936408,6675.366799929179,1263,352,0,,5,5
AR0204SR_n05_high_000,5,high,spf_cd,"[0, 2, 1, 3, 4]","[0, 2, 1, 3, 4]","[2, 0, 2, 2, 2]",4,4,5,"[2, 0, 2, 2, 2]",True,success,3284.8527999594808,3376.9509999547154,6661.803799914196,1263,352,0,,5,5
AR0204SR_n05_high_001,5,high,cdf_h,"[4, 1, 3, 2, 0]","[4, 1, 3, 2, 0]","[0, 1, 1, 1, 3]",3,3,5,"[0, 1, 1, 1, 3]",True,success,11773.13280000817,11922.415799926966,23695.548599935137,1664,458,0,,5,5
AR0204SR_n05_high_001,5,high,cdf_l,"[0, 1, 3, 2, 4]","[0, 1, 3, 2, 4]","[0, 1, 1, 1, 3]",3,3,5,"[0, 1, 1, 1, 3]",True,success,11835.50040004775,11808.763000066392,23644.26340011414,1664,458,0,,5,5
AR0204SR_n05_high_001,5,high,spf_cd,"[0, 4, 1, 3, 2]","[0, 4, 1, 3, 2]","[0, 1, 1, 1, 3]",3,3,5,"[0, 1, 1, 1, 3]",True,success,11753.819499979727,11782.101499964483,23535.92099994421,1664,458,0,,5,5
AR0204SR_n05_high_002,5,high,cdf_h,"[0, 1, 4, 3, 2]","[0, 1, 4, 3, 2]","[3, 1, 0, 1, 1]",3,3,5,"[3, 1, 0, 1, 1]",True,success,2646.9808999681845,2734.4272000482306,5381.408100016415,1670,408,0,,5,5
AR0204SR_n05_high_002,5,high,cdf_l,"[2, 1, 4, 3, 0]","[2, 1, 4, 3, 0]","[3, 1, 0, 1, 1]",3,3,5,"[3, 1, 0, 1, 1]",True,success,2643.006700091064,2662.349099991843,5305.355800082907,1668,406,0,,5,5
AR0204SR_n05_high_002,5,high,spf_cd,"[1, 4, 0, 2, 3]","[1, 4, 0, 2, 3]","[3, 1, 0, 1, 1]",3,3,5,"[3, 1, 0, 1, 1]",True,success,2638.2667999714613,2742.283600033261,5380.550400004722,1670,408,0,,5,5
AR0204SR_n05_low_000,5,low,cdf_h,"[0, 3, 2, 4, 1]","[0, 3, 2, 4, 1]","[0, 0, 0, 0, 0]",0,0,5,"[0, 0, 0, 0, 0]",True,success,7423.808600055054,7323.4197000274435,14747.228300082497,1378,379,0,,5,5
AR0204SR_n05_low_000,5,low,cdf_l,"[0, 3, 2, 4, 1]","[0, 3, 2, 4, 1]","[0, 0, 0, 0, 0]",0,0,5,"[0, 0, 0, 0, 0]",True,success,7375.451999949291,7330.337999970652,14705.789999919944,1378,379,0,,5,5
AR0204SR_n05_low_000,5,low,spf_cd,"[0, 3, 2, 4, 1]","[0, 3, 2, 4, 1]","[0, 0, 0, 0, 0]",0,0,5,"[0, 0, 0, 0, 0]",True,success,7325.196100049652,7420.994299929589,14746.190399979241,1378,379,0,,5,5
AR0204SR_n05_low_001,5,low,cdf_h,"[0, 1, 3, 4, 2]","[0, 1, 3, 4, 2]","[0, 0, 0, 0, 0]",0,0,5,"[0, 0, 0, 0, 0]",True,success,12747.089800075628,12808.964800089598,25556.054600165226,868,271,0,,5,5
AR0204SR_n05_low_001,5,low,cdf_l,"[0, 1, 3, 4, 2]","[0, 1, 3, 4, 2]","[0, 0, 0, 0, 0]",0,0,5,"[0, 0, 0, 0, 0]",True,success,12819.130699965172,12754.4215999078,25573.552299872972,868,271,0,,5,5
AR0204SR_n05_low_001,5,low,spf_cd,"[0, 1, 3, 4, 2]","[0, 1, 3, 4, 2]","[0, 0, 0, 0, 0]",0,0,5,"[0, 0, 0, 0, 0]",True,success,12545.136700035073,13137.685500085354,25682.822200120427,868,271,0,,5,5
AR0204SR_n05_low_002,5,low,cdf_h,"[0, 3, 2, 1, 4]","[0, 3, 2, 1, 4]","[0, 0, 0, 0, 0]",0,0,5,"[0, 0, 0, 0, 0]",True,success,1984.5635000383481,2004.3073000852019,3988.87080012355,878,320,0,,5,5
AR0204SR_n05_low_002,5,low,cdf_l,"[0, 3, 2, 1, 4]","[0, 3, 2, 1, 4]","[0, 0, 0, 0, 0]",0,0,5,"[0, 0, 0, 0, 0]",True,success,1975.905100000091,1992.7014000713825,3968.6065000714734,878,320,0,,5,5
AR0204SR_n05_low_002,5,low,spf_cd,"[0, 3, 2, 1, 4]","[0, 3, 2, 1, 4]","[0, 0, 0, 0, 0]",0,0,5,"[0, 0, 0, 0, 0]",True,success,1967.8711999440566,1997.2617999883369,3965.1329999323934,878,320,0,,5,5
AR0204SR_n05_medium_000,5,medium,cdf_h,"[1, 4, 2, 3, 0]","[1, 4, 2, 3, 0]","[0, 1, 0, 0, 1]",1,1,5,"[0, 1, 0, 0, 1]",True,success,3597.1931000240147,3606.639500008896,7203.832600032911,1299,398,0,,5,5
AR0204SR_n05_medium_000,5,medium,cdf_l,"[2, 3, 0, 1, 4]","[2, 3, 0, 1, 4]","[0, 1, 0, 0, 1]",1,1,5,"[0, 1, 0, 0, 1]",True,success,3596.0126999998465,3587.5935999210924,7183.606299920939,1299,398,0,,5,5
AR0204SR_n05_medium_000,5,medium,spf_cd,"[1, 2, 3, 0, 4]","[1, 2, 3, 0, 4]","[0, 1, 0, 0, 1]",1,1,5,"[0, 1, 0, 0, 1]",True,success,3601.5444000950083,3580.173800000921,7181.718200095929,1299,398,0,,5,5
AR0204SR_n05_medium_001,5,medium,cdf_h,"[2, 4, 0, 3, 1]","[2, 4, 0, 3, 1]","[0, 0, 1, 0, 1]",1,1,5,"[0, 0, 1, 0, 1]",True,success,8976.737199933268,9149.345799931325,18126.082999864593,1291,333,0,,5,5
AR0204SR_n05_medium_001,5,medium,cdf_l,"[0, 3, 1, 2, 4]","[0, 3, 1, 2, 4]","[0, 0, 1, 0, 1]",1,1,5,"[0, 0, 1, 0, 1]",True,success,9041.321799973957,9079.709599958733,18121.03139993269,1291,333,0,,5,5
AR0204SR_n05_medium_001,5,medium,spf_cd,"[0, 3, 2, 4, 1]","[0, 3, 2, 4, 1]","[0, 0, 1, 0, 1]",1,1,5,"[0, 0, 1, 0, 1]",True,success,8960.765700088814,9201.654399977997,18162.42010006681,1291,333,0,,5,5
AR0204SR_n05_medium_002,5,medium,cdf_h,"[4, 2, 3, 0, 1]","[4, 2, 3, 0, 1]","[0, 0, 1, 0, 1]",1,1,5,"[0, 0, 1, 0, 1]",True,success,26287.95030002948,27350.296199903823,53638.2464999333,1396,490,0,,5,5
AR0204SR_n05_medium_002,5,medium,cdf_l,"[3, 0, 1, 4, 2]","[3, 0, 1, 4, 2]","[0, 0, 1, 0, 1]",1,1,5,"[0, 0, 1, 0, 1]",True,success,26207.671800046228,26978.900699992664,53186.57250003889,1396,490,0,,5,5
AR0204SR_n05_medium_002,5,medium,spf_cd,"[3, 0, 4, 2, 1]","[3, 0, 4, 2, 1]","[0, 0, 1, 0, 1]",1,1,5,"[0, 0, 1, 0, 1]",True,success,26241.315299994312,27020.929399994202,53262.244699988514,1396,490,0,,5,5
AR0204SR_n10_high_000,10,high,cdf_h,"[1, 7, 6, 3, 5, 2, 8, 4, 9, 0]","[1, 7, 6, 3, 5, 2, 8, 4, 9, 0]","[0, 4, 2, 3, 1, 2, 3, 4, 1, 0]",10,10,10,"[0, 4, 2, 3, 1, 2, 3, 4, 1, 0]",True,success,17629.272500053048,24097.39430004265,41726.6668000957,2550,511,0,,10,10
AR0204SR_n10_high_000,10,high,cdf_l,"[9, 0, 8, 4, 5, 2, 6, 3, 1, 7]","[9, 0, 8, 4, 5, 2, 6, 3, 1, 7]","[0, 4, 2, 3, 1, 2, 3, 4, 1, 0]",10,10,10,"[0, 4, 2, 3, 1, 2, 3, 4, 1, 0]",True,success,17458.36920000147,17817.15899996925,35275.52819997072,2485,511,0,,10,10
AR0204SR_n10_high_000,10,high,spf_cd,"[9, 0, 8, 4, 6, 3, 1, 5, 2, 7]","[9, 0, 8, 4, 6, 3, 1, 5, 2, 7]","[0, 4, 2, 3, 1, 2, 3, 4, 1, 0]",10,10,10,"[0, 4, 2, 3, 1, 2, 3, 4, 1, 0]",True,success,17643.75879999716,18048.909799894318,35692.668599891476,2487,511,0,,10,10
AR0204SR_n10_high_001,10,high,cdf_h,"[4, 5, 2, 6, 9, 0, 1, 8, 7, 3]","[4, 5, 2, 6, 9, 0, 1, 8, 7, 3]","[0, 0, 1, 0, 3, 1, 1, 0, 0, 0]",3,3,10,"[0, 0, 1, 0, 3, 1, 1, 0, 0, 0]",True,success,35719.64599995408,57748.53320000693,93468.17919996101,3181,512,0,,10,10
AR0204SR_n10_high_001,10,high,cdf_l,"[9, 0, 1, 8, 7, 3, 5, 2, 6, 4]","[9, 0, 1, 8, 7, 3, 5, 2, 6, 4]","[0, 0, 1, 0, 3, 1, 1, 0, 0, 0]",3,3,10,"[0, 0, 1, 0, 3, 1, 1, 0, 0, 0]",True,success,36091.79989993572,36550.92169996351,72642.72159989923,2962,512,0,,10,10
AR0204SR_n10_high_001,10,high,spf_cd,"[9, 5, 0, 1, 2, 8, 6, 4, 7, 3]","[9, 5, 0, 1, 2, 8, 6, 4, 7, 3]","[0, 0, 1, 0, 3, 1, 1, 0, 0, 0]",3,3,10,"[0, 0, 1, 0, 3, 1, 1, 0, 0, 0]",True,success,35689.40080003813,36600.72800004855,72290.12880008668,2962,512,0,,10,10
AR0204SR_n10_high_002,10,high,cdf_h,"[3, 4, 1, 8, 5, 2, 9, 7, 6, 0]","[3, 4, 1, 8, 5, 2, 9, 7, 6, 0]","[0, 1, 0, 3, 2, 1, 0, 0, 1, 0]",4,4,10,"[0, 1, 0, 3, 2, 1, 0, 0, 1, 0]",True,success,31617.916199960746,33663.08430000208,65281.00049996283,3458,481,0,,10,10
AR0204SR_n10_high_002,10,high,cdf_l,"[2, 9, 7, 6, 0, 1, 8, 5, 4, 3]","[2, 9, 7, 6, 0, 1, 8, 5, 4, 3]","[0, 1, 0, 3, 2, 1, 0, 0, 1, 0]",4,4,10,"[0, 1, 0, 3, 2, 1, 0, 0, 1, 0]",True,success,32057.85940005444,31823.28899996355,63881.14840001799,3415,481,0,,10,10
AR0204SR_n10_high_002,10,high,spf_cd,"[1, 2, 9, 7, 8, 6, 4, 0, 5, 3]","[1, 2, 9, 7, 8, 6, 4, 0, 5, 3]","[0, 1, 0, 3, 2, 1, 0, 0, 1, 0]",4,4,10,"[0, 1, 0, 3, 2, 1, 0, 0, 1, 0]",True,success,31484.079899964854,31938.102399930358,63422.18229989521,3415,481,0,,10,10
AR0204SR_n10_low_000,10,low,cdf_h,"[3, 6, 8, 0, 7, 4, 2, 5, 9, 1]","[3, 6, 8, 0, 7, 4, 2, 5, 9, 1]","[0, 0, 0, 0, 0, 0, 0, 0, 0, 0]",0,0,10,"[0, 0, 0, 0, 0, 0, 0, 0, 0, 0]",True,success,24298.998000100255,24744.62360003963,49043.621600139886,2594,495,0,,10,10
AR0204SR_n10_low_000,10,low,cdf_l,"[3, 6, 8, 0, 7, 4, 2, 5, 9, 1]","[3, 6, 8, 0, 7, 4, 2, 5, 9, 1]","[0, 0, 0, 0, 0, 0, 0, 0, 0, 0]",0,0,10,"[0, 0, 0, 0, 0, 0, 0, 0, 0, 0]",True,success,24235.567299998365,24883.067599963397,49118.63489996176,2594,495,0,,10,10
AR0204SR_n10_low_000,10,low,spf_cd,"[3, 6, 8, 0, 7, 4, 2, 5, 9, 1]","[3, 6, 8, 0, 7, 4, 2, 5, 9, 1]","[0, 0, 0, 0, 0, 0, 0, 0, 0, 0]",0,0,10,"[0, 0, 0, 0, 0, 0, 0, 0, 0, 0]",True,success,24449.38930007629,25067.038199980743,49516.427500057034,2594,495,0,,10,10
AR0204SR_n10_low_001,10,low,cdf_h,"[2, 7, 3, 0, 8, 9, 6, 5, 4, 1]","[2, 7, 3, 0, 8, 9, 6, 5, 4, 1]","[0, 0, 0, 0, 0, 0, 0, 0, 0, 0]",0,0,10,"[0, 0, 0, 0, 0, 0, 0, 0, 0, 0]",True,success,29579.982400056906,30160.49640008714,59740.47880014405,2400,455,0,,10,10
AR0204SR_n10_low_001,10,low,cdf_l,"[2, 7, 3, 0, 8, 9, 6, 5, 4, 1]","[2, 7, 3, 0, 8, 9, 6, 5, 4, 1]","[0, 0, 0, 0, 0, 0, 0, 0, 0, 0]",0,0,10,"[0, 0, 0, 0, 0, 0, 0, 0, 0, 0]",True,success,29669.64720003307,30668.601999990642,60338.24920002371,2400,455,0,,10,10
AR0204SR_n10_low_001,10,low,spf_cd,"[2, 7, 3, 0, 8, 9, 6, 5, 4, 1]","[2, 7, 3, 0, 8, 9, 6, 5, 4, 1]","[0, 0, 0, 0, 0, 0, 0, 0, 0, 0]",0,0,10,"[0, 0, 0, 0, 0, 0, 0, 0, 0, 0]",True,success,29837.856800062582,30188.900600071065,60026.75740013365,2400,455,0,,10,10
AR0204SR_n10_low_002,10,low,cdf_h,"[2, 3, 0, 9, 5, 1, 6, 8, 7, 4]","[2, 3, 0, 9, 5, 1, 6, 8, 7, 4]","[0, 0, 0, 0, 0, 0, 0, 0, 0, 0]",0,0,10,"[0, 0, 0, 0, 0, 0, 0, 0, 0, 0]",True,success,3767.6121999975294,3863.7630000011995,7631.375199998729,1862,343,0,,10,10
AR0204SR_n10_low_002,10,low,cdf_l,"[2, 3, 0, 9, 5, 1, 6, 8, 7, 4]","[2, 3, 0, 9, 5, 1, 6, 8, 7, 4]","[0, 0, 0, 0, 0, 0, 0, 0, 0, 0]",0,0,10,"[0, 0, 0, 0, 0, 0, 0, 0, 0, 0]",True,success,3803.238800028339,3846.121700014919,7649.360500043258,1862,343,0,,10,10
AR0204SR_n10_low_002,10,low,spf_cd,"[2, 3, 0, 9, 5, 1, 6, 8, 7, 4]","[2, 3, 0, 9, 5, 1, 6, 8, 7, 4]","[0, 0, 0, 0, 0, 0, 0, 0, 0, 0]",0,0,10,"[0, 0, 0, 0, 0, 0, 0, 0, 0, 0]",True,success,3791.658000089228,3834.0026000514627,7625.660600140691,1862,343,0,,10,10
AR0204SR_n10_medium_000,10,medium,cdf_h,"[8, 4, 6, 0, 2, 9, 7, 5, 3, 1]","[8, 4, 6, 0, 2, 9, 7, 5, 3, 1]","[1, 0, 0, 0, 1, 0, 1, 0, 1, 0]",2,2,10,"[1, 0, 0, 0, 1, 0, 1, 0, 1, 0]",True,success,54955.809099948965,56156.66889993008,111112.47799987905,2797,497,0,,10,10
AR0204SR_n10_medium_000,10,medium,cdf_l,"[2, 9, 7, 5, 3, 1, 8, 4, 6, 0]","[2, 9, 7, 5, 3, 1, 8, 4, 6, 0]","[1, 0, 0, 0, 1, 0, 1, 0, 1, 0]",2,2,10,"[1, 0, 0, 0, 1, 0, 1, 0, 1, 0]",True,success,55124.09810000099,56342.27500006091,111466.3731000619,2797,497,0,,10,10
AR0204SR_n10_medium_000,10,medium,spf_cd,"[8, 2, 9, 7, 5, 4, 3, 6, 0, 1]","[8, 2, 9, 7, 5, 4, 3, 6, 0, 1]","[1, 0, 0, 0, 1, 0, 1, 0, 1, 0]",2,2,10,"[1, 0, 0, 0, 1, 0, 1, 0, 1, 0]",True,success,55437.41879996378,56709.78449995164,112147.20329991542,2797,497,0,,10,10
AR0204SR_n10_medium_001,10,medium,cdf_h,"[2, 0, 1, 7, 5, 3, 6, 9, 4, 8]","[2, 0, 1, 7, 5, 3, 6, 9, 4, 8]","[1, 0, 1, 0, 0, 0, 0, 0, 0, 0]",1,1,10,"[1, 0, 1, 0, 0, 0, 0, 0, 0, 0]",True,success,29398.456100025214,29937.953699962236,59336.40979998745,2567,505,0,,10,10
AR0204SR_n10_medium_001,10,medium,cdf_l,"[1, 7, 5, 3, 6, 9, 4, 8, 2, 0]","[1, 7, 5, 3, 6, 9, 4, 8, 2, 0]","[1, 0, 1, 0, 0, 0, 0, 0, 0, 0]",1,1,10,"[1, 0, 1, 0, 0, 0, 0, 0, 0, 0]",True,success,29505.785599933006,29703.82699999027,59209.612599923275,2567,505,0,,10,10
AR0204SR_n10_medium_001,10,medium,spf_cd,"[1, 7, 5, 3, 2, 0, 6, 9, 4, 8]","[1, 7, 5, 3, 2, 0, 6, 9, 4, 8]","[1, 0, 1, 0, 0, 0, 0, 0, 0, 0]",1,1,10,"[1, 0, 1, 0, 0, 0, 0, 0, 0, 0]",True,success,29072.406299994327,29969.812399940565,59042.21869993489,2567,505,0,,10,10
AR0204SR_n10_medium_002,10,medium,cdf_h,"[5, 3, 1, 2, 9, 7, 8, 0, 4, 6]","[5, 3, 1, 2, 9, 7, 8, 0, 4, 6]","[0, 0, 0, 1, 0, 1, 0, 0, 0, 0]",1,1,10,"[0, 0, 0, 1, 0, 1, 0, 0, 0, 0]",True,success,5893.8048999989405,5954.518900020048,11848.323800018989,1960,441,0,,10,10
AR0204SR_n10_medium_002,10,medium,cdf_l,"[1, 2, 9, 7, 8, 0, 4, 6, 5, 3]","[1, 2, 9, 7, 8, 0, 4, 6, 5, 3]","[0, 0, 0, 1, 0, 1, 0, 0, 0, 0]",1,1,10,"[0, 0, 0, 1, 0, 1, 0, 0, 0, 0]",True,success,5899.157200008631,5991.4946999633685,11890.651899972,1960,441,0,,10,10
AR0204SR_n10_medium_002,10,medium,spf_cd,"[1, 2, 9, 7, 8, 5, 0, 4, 6, 3]","[1, 2, 9, 7, 8, 5, 0, 4, 6, 3]","[0, 0, 0, 1, 0, 1, 0, 0, 0, 0]",1,1,10,"[0, 0, 0, 1, 0, 1, 0, 0, 0, 0]",True,success,5925.062800059095,5959.735900047235,11884.79870010633,1960,441,0,,10,10
AR0204SR_n20_high_000,20,high,cdf_h,"[1, 3, 8, 6, 11, 15, 4, 2, 19, 7, 17, 10, 18, 5, 14, 9, 0, 13, 16, 12]","[1, 3, 8, 6, 11, 15, 4, 2, 19, 7, 17, 10, 18, 5, 14, 9, 0, 13, 16, 12]","[0, 4, 1, 2, 1, 0, 1, 1, 1, 0, 0, 1, 0, 0, 0, 1, 0, 0, 0, 1]",49,7,20,"[0, 4, 1, 44, 1, 0, 1, 1, 1, 0, 0, 1, 0, 0, 0, 1, 0, 0, 0, 43]",True,success,28520.195899996907,28375.9013999952,56896.09729999211,4918,455,0,,20,20
AR0204SR_n20_high_000,20,high,cdf_l,"[17, 10, 18, 5, 14, 9, 0, 13, 16, 12, 8, 6, 11, 15, 4, 2, 19, 7, 3, 1]","[17, 10, 18, 5, 14, 9, 0, 13, 16, 12, 8, 6, 11, 15, 4, 2, 19, 7, 3, 1]","[0, 4, 1, 2, 1, 0, 1, 1, 1, 0, 0, 1, 0, 0, 0, 1, 0, 0, 0, 1]",49,7,20,"[0, 4, 1, 44, 1, 0, 1, 1, 1, 0, 0, 1, 0, 0, 0, 1, 0, 0, 0, 43]",True,success,28149.16919998359,28279.542900039814,56428.712100023404,4918,455,0,,20,20
AR0204SR_n20_high_000,20,high,spf_cd,"[17, 8, 10, 6, 11, 18, 5, 3, 15, 1, 4, 14, 9, 0, 13, 2, 16, 19, 7, 12]","[17, 8, 10, 6, 11, 18, 5, 3, 15, 1, 4, 14, 9, 0, 13, 2, 16, 19, 7, 12]","[0, 4, 1, 2, 1, 0, 1, 1, 1, 0, 0, 1, 0, 0, 0, 1, 0, 0, 0, 1]",49,7,20,"[0, 4, 1, 44, 1, 0, 1, 1, 1, 0, 0, 1, 0, 0, 0, 1, 0, 0, 0, 43]",True,success,28561.34429993108,28740.979499998502,57302.32379992958,4918,455,0,,20,20
AR0204SR_n20_high_001,20,high,cdf_h,"[1, 15, 6, 7, 5, 0, 18, 11, 12, 14, 13, 2, 16, 19, 17, 9, 8, 4, 3, 10]","[1, 15, 6, 7, 5, 0, 18, 11, 12, 14, 13, 2, 16, 19, 17, 9, 8, 4, 3, 10]","[2, 4, 0, 0, 0, 2, 3, 2, 0, 0, 0, 1, 1, 0, 1, 3, 0, 0, 1, 0]",10,10,20,"[2, 4, 0, 0, 0, 2, 3, 2, 0, 0, 0, 1, 1, 0, 1, 3, 0, 0, 1, 0]",True,success,46324.88279999234,124445.25089999661,170770.13369998895,5157,490,0,,20,20
AR0204SR_n20_high_001,20,high,cdf_l,"[13, 2, 16, 19, 17, 9, 8, 4, 3, 10, 18, 11, 12, 14, 7, 5, 0, 15, 6, 1]","[13, 2, 16, 19, 17, 9, 8, 4, 3, 10, 18, 11, 12, 14, 7, 5, 0, 15, 6, 1]","[2, 4, 0, 0, 0, 2, 3, 2, 0, 0, 0, 1, 1, 0, 1, 3, 0, 0, 1, 0]",10,10,20,"[2, 4, 0, 0, 0, 2, 3, 2, 0, 0, 0, 1, 1, 0, 1, 3, 0, 0, 1, 0]",True,success,47688.63450002391,110508.45520000439,158197.0897000283,5046,490,0,,20,20
AR0204SR_n20_high_001,20,high,spf_cd,"[18, 13, 2, 16, 19, 1, 17, 9, 8, 15, 4, 7, 5, 11, 3, 10, 6, 12, 0, 14]","[18, 13, 2, 16, 19, 1, 17, 9, 8, 15, 4, 7, 5, 11, 3, 10, 6, 12, 0, 14]","[2, 4, 0, 0, 0, 2, 3, 2, 0, 0, 0, 1, 1, 0, 1, 3, 0, 0, 1, 0]",10,10,20,"[2, 4, 0, 0, 0, 2, 3, 2, 0, 0, 0, 1, 1, 0, 1, 3, 0, 0, 1, 0]",True,success,45781.50369995274,45994.59570006002,91776.09940001275,4742,490,0,,20,20
AR0204SR_n20_high_002,20,high,cdf_h,"[8, 5, 4, 10, 6, 7, 12, 11, 17, 3, 0, 14, 15, 19, 13, 16, 9, 1, 2, 18]","[8, 5, 4, 10, 6, 7, 12, 11, 17, 3, 0, 14, 15, 19, 13, 16, 9, 1, 2, 18]","[0, 0, 0, 0, 1, 1, 1, 0, 2, 0, 1, 0, 0, 0, 0, 0, 0, 0, 0, 0]",3,3,20,"[0, 0, 0, 0, 1, 1, 1, 0, 2, 0, 1, 0, 0, 0, 0, 0, 0, 0, 0, 0]",True,success,62513.64250003826,63059.53179998323,125573.17430002149,4829,512,0,,20,20
AR0204SR_n20_high_002,20,high,cdf_l,"[7, 12, 11, 17, 3, 0, 14, 15, 19, 13, 16, 9, 1, 2, 18, 5, 4, 10, 6, 8]","[7, 12, 11, 17, 3, 0, 14, 15, 19, 13, 16, 9, 1, 2, 18, 5, 4, 10, 6, 8]","[0, 0, 0, 0, 1, 1, 1, 0, 2, 0, 1, 0, 0, 0, 0, 0, 0, 0, 0, 0]",3,3,20,"[0, 0, 0, 0, 1, 1, 1, 0, 2, 0, 1, 0, 0, 0, 0, 0, 0, 0, 0, 0]",True,success,63116.743899998255,64153.54079997633,127270.28469997458,4829,512,0,,20,20
AR0204SR_n20_high_002,20,high,spf_cd,"[7, 12, 11, 17, 3, 0, 5, 14, 15, 19, 4, 13, 16, 9, 1, 2, 18, 10, 8, 6]","[7, 12, 11, 17, 3, 0, 5, 14, 15, 19, 4, 13, 16, 9, 1, 2, 18, 10, 8, 6]","[0, 0, 0, 0, 1, 1, 1, 0, 2, 0, 1, 0, 0, 0, 0, 0, 0, 0, 0, 0]",3,3,20,"[0, 0, 0, 0, 1, 1, 1, 0, 2, 0, 1, 0, 0, 0, 0, 0, 0, 0, 0, 0]",True,success,63750.83509995602,64218.99299998768,127969.8280999437,4829,512,0,,20,20
AR0204SR_n20_low_000,20,low,cdf_h,"[7, 15, 13, 9, 3, 2, 1, 19, 17, 12, 10, 4, 6, 16, 11, 0, 5, 8, 14, 18]","[7, 15, 13, 9, 3, 2, 1, 19, 17, 12, 10, 4, 6, 16, 11, 0, 5, 8, 14, 18]","[0, 0, 0, 0, 0, 0, 0, 0, 0, 0, 0, 0, 0, 0, 0, 0, 0, 0, 0, 0]",0,0,20,"[0, 0, 0, 0, 0, 0, 0, 0, 0, 0, 0, 0, 0, 0, 0, 0, 0, 0, 0, 0]",True,success,69114.83769991901,70514.73470008932,139629.57240000833,5607,511,0,,20,20
AR0204SR_n20_low_000,20,low,cdf_l,"[7, 15, 13, 9, 3, 2, 1, 19, 17, 12, 10, 4, 6, 16, 11, 0, 5, 8, 14, 18]","[7, 15, 13, 9, 3, 2, 1, 19, 17, 12, 10, 4, 6, 16, 11, 0, 5, 8, 14, 18]","[0, 0, 0, 0, 0, 0, 0, 0, 0, 0, 0, 0, 0, 0, 0, 0, 0, 0, 0, 0]",0,0,20,"[0, 0, 0, 0, 0, 0, 0, 0, 0, 0, 0, 0, 0, 0, 0, 0, 0, 0, 0, 0]",True,success,69520.57070005685,70891.64559997153,140412.21630002838,5607,511,0,,20,20
AR0204SR_n20_low_000,20,low,spf_cd,"[7, 15, 13, 9, 3, 2, 1, 19, 17, 12, 10, 4, 6, 16, 11, 0, 5, 8, 14, 18]","[7, 15, 13, 9, 3, 2, 1, 19, 17, 12, 10, 4, 6, 16, 11, 0, 5, 8, 14, 18]","[0, 0, 0, 0, 0, 0, 0, 0, 0, 0, 0, 0, 0, 0, 0, 0, 0, 0, 0, 0]",0,0,20,"[0, 0, 0, 0, 0, 0, 0, 0, 0, 0, 0, 0, 0, 0, 0, 0, 0, 0, 0, 0]",True,success,69928.67739999201,70624.8704000609,140553.5478000529,5607,511,0,,20,20
AR0204SR_n20_low_001,20,low,cdf_h,"[19, 10, 15, 8, 0, 18, 1, 14, 5, 9, 13, 17, 3, 16, 6, 12, 4, 11, 7, 2]","[19, 10, 15, 8, 0, 18, 1, 14, 5, 9, 13, 17, 3, 16, 6, 12, 4, 11, 7, 2]","[0, 0, 0, 0, 0, 0, 0, 0, 0, 0, 0, 0, 0, 0, 0, 0, 0, 0, 0, 0]",0,0,20,"[0, 0, 0, 0, 0, 0, 0, 0, 0, 0, 0, 0, 0, 0, 0, 0, 0, 0, 0, 0]",True,success,56681.23980006203,57282.02170005534,113963.26150011737,5969,511,0,,20,20
AR0204SR_n20_low_001,20,low,cdf_l,"[19, 10, 15, 8, 0, 18, 1, 14, 5, 9, 13, 17, 3, 16, 6, 12, 4, 11, 7, 2]","[19, 10, 15, 8, 0, 18, 1, 14, 5, 9, 13, 17, 3, 16, 6, 12, 4, 11, 7, 2]","[0, 0, 0, 0, 0, 0, 0, 0, 0, 0, 0, 0, 0, 0, 0, 0, 0, 0, 0, 0]",0,0,20,"[0, 0, 0, 0, 0, 0, 0, 0, 0, 0, 0, 0, 0, 0, 0, 0, 0, 0, 0, 0]",True,success,56811.517799971625,57144.929000060074,113956.4468000317,5969,511,0,,20,20
AR0204SR_n20_low_001,20,low,spf_cd,"[19, 10, 15, 8, 0, 18, 1, 14, 5, 9, 13, 17, 3, 16, 6, 12, 4, 11, 7, 2]","[19, 10, 15, 8, 0, 18, 1, 14, 5, 9, 13, 17, 3, 16, 6, 12, 4, 11, 7, 2]","[0, 0, 0, 0, 0, 0, 0, 0, 0, 0, 0, 0, 0, 0, 0, 0, 0, 0, 0, 0]",0,0,20,"[0, 0, 0, 0, 0, 0, 0, 0, 0, 0, 0, 0, 0, 0, 0, 0, 0, 0, 0, 0]",True,success,56314.10630000755,57317.73849995807,113631.84479996562,5969,511,0,,20,20
AR0204SR_n20_low_002,20,low,cdf_h,"[10, 15, 2, 8, 16, 18, 4, 11, 9, 1, 0, 19, 3, 13, 14, 7, 17, 5, 6, 12]","[10, 15, 2, 8, 16, 18, 4, 11, 9, 1, 0, 19, 3, 13, 14, 7, 17, 5, 6, 12]","[0, 0, 0, 0, 0, 0, 0, 0, 0, 0, 0, 0, 0, 0, 0, 0, 0, 0, 0, 0]",0,0,20,"[0, 0, 0, 0, 0, 0, 0, 0, 0, 0, 0, 0, 0, 0, 0, 0, 0, 0, 0, 0]",True,success,35102.64409997035,35674.61949994322,70777.26359991357,4726,489,0,,20,20
AR0204SR_n20_low_002,20,low,cdf_l,"[10, 15, 2, 8, 16, 18, 4, 11, 9, 1, 0, 19, 3, 13, 14, 7, 17, 5, 6, 12]","[10, 15, 2, 8, 16, 18, 4, 11, 9, 1, 0, 19, 3, 13, 14, 7, 17, 5, 6, 12]","[0, 0, 0, 0, 0, 0, 0, 0, 0, 0, 0, 0, 0, 0, 0, 0, 0, 0, 0, 0]",0,0,20,"[0, 0, 0, 0, 0, 0, 0, 0, 0, 0, 0, 0, 0, 0, 0, 0, 0, 0, 0, 0]",True,success,34938.29530000221,35577.444799942896,70515.7400999451,4726,489,0,,20,20
AR0204SR_n20_low_002,20,low,spf_cd,"[10, 15, 2, 8, 16, 18, 4, 11, 9, 1, 0, 19, 3, 13, 14, 7, 17, 5, 6, 12]","[10, 15, 2, 8, 16, 18, 4, 11, 9, 1, 0, 19, 3, 13, 14, 7, 17, 5, 6, 12]","[0, 0, 0, 0, 0, 0, 0, 0, 0, 0, 0, 0, 0, 0, 0, 0, 0, 0, 0, 0]",0,0,20,"[0, 0, 0, 0, 0, 0, 0, 0, 0, 0, 0, 0, 0, 0, 0, 0, 0, 0, 0, 0]",True,success,35046.744100051,35564.08470007591,70610.82880012691,4726,489,0,,20,20
AR0204SR_n20_medium_000,20,medium,cdf_h,"[5, 13, 14, 1, 7, 11, 4, 19, 10, 6, 2, 8, 12, 3, 0, 9, 17, 16, 15, 18]","[5, 13, 14, 1, 7, 11, 4, 19, 10, 6, 2, 8, 12, 3, 0, 9, 17, 16, 15, 18]","[0, 0, 0, 0, 0, 1, 0, 0, 0, 0, 0, 0, 0, 1, 0, 0, 0, 0, 0, 0]",1,1,20,"[0, 0, 0, 0, 0, 1, 0, 0, 0, 0, 0, 0, 0, 1, 0, 0, 0, 0, 0, 0]",True,success,59013.00020003691,60245.36930001341,119258.36950005032,5192,498,0,,20,20
AR0204SR_n20_medium_000,20,medium,cdf_l,"[14, 1, 7, 11, 4, 19, 10, 6, 2, 8, 12, 3, 0, 9, 17, 16, 15, 18, 5, 13]","[14, 1, 7, 11, 4, 19, 10, 6, 2, 8, 12, 3, 0, 9, 17, 16, 15, 18, 5, 13]","[0, 0, 0, 0, 0, 1, 0, 0, 0, 0, 0, 0, 0, 1, 0, 0, 0, 0, 0, 0]",1,1,20,"[0, 0, 0, 0, 0, 1, 0, 0, 0, 0, 0, 0, 0, 1, 0, 0, 0, 0, 0, 0]",True,success,59080.62409993727,60249.602399999276,119330.22649993654,5192,498,0,,20,20
AR0204SR_n20_medium_000,20,medium,spf_cd,"[14, 1, 7, 11, 5, 4, 19, 10, 6, 2, 8, 12, 3, 0, 9, 17, 16, 15, 13, 18]","[14, 1, 7, 11, 5, 4, 19, 10, 6, 2, 8, 12, 3, 0, 9, 17, 16, 15, 13, 18]","[0, 0, 0, 0, 0, 1, 0, 0, 0, 0, 0, 0, 0, 1, 0, 0, 0, 0, 0, 0]",1,1,20,"[0, 0, 0, 0, 0, 1, 0, 0, 0, 0, 0, 0, 0, 1, 0, 0, 0, 0, 0, 0]",True,success,58853.42209995724,60233.31329994835,119086.73539990559,5192,498,0,,20,20
AR0204SR_n20_medium_001,20,medium,cdf_h,"[13, 9, 7, 19, 11, 8, 18, 4, 16, 10, 17, 0, 1, 14, 12, 3, 6, 5, 15, 2]","[13, 9, 7, 19, 11, 8, 18, 4, 16, 10, 17, 0, 1, 14, 12, 3, 6, 5, 15, 2]","[0, 0, 0, 0, 0, 0, 0, 1, 0, 1, 0, 0, 0, 2, 0, 0, 0, 0, 0, 0]",2,2,20,"[0, 0, 0, 0, 0, 0, 0, 1, 0, 1, 0, 0, 0, 2, 0, 0, 0, 0, 0, 0]",True,success,42094.70640006475,42470.39439994842,84565.10080001317,5428,509,0,,20,20
AR0204SR_n20_medium_001,20,medium,cdf_l,"[19, 11, 8, 18, 4, 16, 10, 17, 0, 1, 14, 12, 3, 6, 5, 15, 2, 9, 7, 13]","[19, 11, 8, 18, 4, 16, 10, 17, 0, 1, 14, 12, 3, 6, 5, 15, 2, 9, 7, 13]","[0, 0, 0, 0, 0, 0, 0, 1, 0, 1, 0, 0, 0, 2, 0, 0, 0, 0, 0, 0]",2,2,20,"[0, 0, 0, 0, 0, 0, 0, 1, 0, 1, 0, 0, 0, 2, 0, 0, 0, 0, 0, 0]",True,success,42937.92379996739,43629.999800003134,86567.92359997053,5428,509,0,,20,20
AR0204SR_n20_medium_001,20,medium,spf_cd,"[19, 11, 8, 18, 4, 9, 16, 10, 13, 17, 0, 1, 14, 12, 3, 6, 5, 7, 15, 2]","[19, 11, 8, 18, 4, 9, 16, 10, 13, 17, 0, 1, 14, 12, 3, 6, 5, 7, 15, 2]","[0, 0, 0, 0, 0, 0, 0, 1, 0, 1, 0, 0, 0, 2, 0, 0, 0, 0, 0, 0]",2,2,20,"[0, 0, 0, 0, 0, 0, 0, 1, 0, 1, 0, 0, 0, 2, 0, 0, 0, 0, 0, 0]",True,success,42798.136799945496,43271.55689999927,86069.69369994476,5428,509,0,,20,20
AR0204SR_n20_medium_002,20,medium,cdf_h,"[10, 13, 15, 17, 7, 18, 3, 11, 8, 16, 12, 2, 0, 9, 4, 1, 19, 6, 14, 5]","[10, 13, 15, 17, 7, 18, 3, 11, 8, 16, 12, 2, 0, 9, 4, 1, 19, 6, 14, 5]","[0, 0, 0, 0, 0, 0, 0, 0, 0, 0, 1, 0, 0, 1, 0, 0, 0, 0, 0, 0]",1,1,20,"[0, 0, 0, 0, 0, 0, 0, 0, 0, 0, 1, 0, 0, 1, 0, 0, 0, 0, 0, 0]",True,success,83681.89620005433,85302.50640003942,168984.40260009374,5565,471,0,,20,20
AR0204SR_n20_medium_002,20,medium,cdf_l,"[15, 17, 7, 18, 3, 11, 8, 16, 12, 2, 0, 9, 4, 1, 19, 6, 14, 5, 10, 13]","[15, 17, 7, 18, 3, 11, 8, 16, 12, 2, 0, 9, 4, 1, 19, 6, 14, 5, 10, 13]","[0, 0, 0, 0, 0, 0, 0, 0, 0, 0, 1, 0, 0, 1, 0, 0, 0, 0, 0, 0]",1,1,20,"[0, 0, 0, 0, 0, 0, 0, 0, 0, 0, 1, 0, 0, 1, 0, 0, 0, 0, 0, 0]",True,success,83144.19429993723,86619.75800001528,169763.9522999525,5565,471,0,,20,20
AR0204SR_n20_medium_002,20,medium,spf_cd,"[15, 17, 7, 18, 3, 11, 8, 10, 16, 12, 2, 0, 9, 4, 1, 19, 6, 13, 14, 5]","[15, 17, 7, 18, 3, 11, 8, 10, 16, 12, 2, 0, 9, 4, 1, 19, 6, 13, 14, 5]","[0, 0, 0, 0, 0, 0, 0, 0, 0, 0, 1, 0, 0, 1, 0, 0, 0, 0, 0, 0]",1,1,20,"[0, 0, 0, 0, 0, 0, 0, 0, 0, 0, 1, 0, 0, 1, 0, 0, 0, 0, 0, 0]",True,success,84388.8988000108,87588.49220001139,171977.39100002218,5565,471,0,,20,20
