map_name,instance_id,agent_count,interaction_level,catalogue_seed,manifest_sha256,spf_soc,cdf_h_soc,cdf_l_soc,spf_cd_soc,spf_makespan,cdf_h_makespan,cdf_l_makespan,spf_cd_makespan,soc_range,makespan_range,mapf7_three_strategy_soc_range,soc_sensitive,makespan_sensitive,mapf7_three_strategy_soc_sensitive,independent_conflict_count,independent_conflict_pair_count,max_degree,mean_degree,degree_zero_count,distinct_degree_count,degree_stddev,spf_agent_order,cdf_h_original_index_order,cdf_l_original_index_order,spf_cd_original_index_order,spf_cd_same_order,cdf_h_same_order_as_spf,cdf_l_same_order_as_spf,spf_cd_soc_equal,spf_cd_makespan_equal,cdf_h_order_diff_no_soc_diff,cdf_l_order_diff_no_soc_diff
AR0400SR,AR0400SR_n05_low_000,5,low,2028,ab652d77ad99c251d7827684b7b2978a3bd5151609c5b557840eec8522a54259,966,966,966,966,313,313,313,313,0,0,0,False,False,False,0,0,0,0,5,1,0.0,"[2, 1, 3, 0, 4]","[2, 1, 3, 0, 4]","[2, 1, 3, 0, 4]","[2, 1, 3, 0, 4]",True,True,True,True,True,False,False
AR0400SR,AR0400SR_n05_low_001,5,low,2028,ab652d77ad99c251d7827684b7b2978a3bd5151609c5b557840eec8522a54259,1560,1560,1560,1560,502,502,502,502,0,0,0,False,False,False,0,0,0,0,5,1,0.0,"[2, 4, 0, 1, 3]","[2, 4, 0, 1, 3]","[2, 4, 0, 1, 3]","[2, 4, 0, 1, 3]",True,True,True,True,True,False,False
AR0400SR,AR0400SR_n05_low_002,5,low,2028,ab652d77ad99c251d7827684b7b2978a3bd5151609c5b557840eec8522a54259,1993,1993,1993,1993,473,473,473,473,0,0,0,False,False,False,0,0,0,0,5,1,0.0,"[1, 3, 0, 2, 4]","[1, 3, 0, 2, 4]","[1, 3, 0, 2, 4]","[1, 3, 0, 2, 4]",True,True,True,True,True,False,False
AR0400SR,AR0400SR_n05_medium_000,5,medium,2028,ab652d77ad99c251d7827684b7b2978a3bd5151609c5b557840eec8522a54259,1203,1203,1203,1203,374,374,374,374,0,0,0,False,False,False,1,1,1,0.4,3,2,0.4898979485566356,"[4, 0, 3, 2, 1]","[3, 1, 4, 0, 2]","[4, 0, 2, 3, 1]","[4, 0, 3, 2, 1]",True,False,False,True,True,True,True
AR0400SR,AR0400SR_n05_medium_001,5,medium,2028,ab652d77ad99c251d7827684b7b2978a3bd5151609c5b557840eec8522a54259,1675,1675,1675,1675,504,504,504,504,0,0,0,False,False,False,1,1,1,0.4,3,2,0.4898979485566356,"[3, 0, 2, 1, 4]","[1, 4, 3, 0, 2]","[3, 0, 2, 1, 4]","[3, 0, 2, 1, 4]",True,False,True,True,True,True,False
AR0400SR,AR0400SR_n05_medium_002,5,medium,2028,ab652d77ad99c251d7827684b7b2978a3bd5151609c5b557840eec8522a54259,1320,1320,1320,1320,503,503,503,503,0,0,0,False,False,False,1,1,1,0.4,3,2,0.4898979485566356,"[1, 4, 3, 2, 0]","[2, 0, 1, 4, 3]","[1, 4, 3, 2, 0]","[1, 4, 3, 2, 0]",True,False,True,True,True,True,False
AR0400SR,AR0400SR_n05_high_000,5,high,2028,ab652d77ad99c251d7827684b7b2978a3bd5151609c5b557840eec8522a54259,1742,1742,1741,1742,413,413,411,413,1,2,1,True,True,True,3,3,2,1.2,0,2,0.4,"[3, 0, 2, 1, 4]","[2, 3, 0, 1, 4]","[3, 0, 1, 4, 2]","[3, 0, 2, 1, 4]",True,False,False,True,True,True,False
AR0400SR,AR0400SR_n05_high_001,5,high,2028,ab652d77ad99c251d7827684b7b2978a3bd5151609c5b557840eec8522a54259,544,544,544,544,166,166,166,166,0,0,0,False,False,False,51,1,1,0.4,3,2,0.4898979485566356,"[4, 3, 1, 2, 0]","[3, 1, 4, 2, 0]","[4, 2, 0, 3, 1]","[4, 3, 1, 2, 0]",True,False,False,True,True,True,True
AR0400SR,AR0400SR_n05_high_002,5,high,2028,ab652d77ad99c251d7827684b7b2978a3bd5151609c5b557840eec8522a54259,1046,1046,1046,1046,325,325,325,325,0,0,0,False,False,False,112,1,1,0.4,3,2,0.4898979485566356,"[3, 1, 0, 4, 2]","[0, 2, 3, 1, 4]","[3, 1, 4, 0, 2]","[3, 1, 0, 4, 2]",True,False,False,True,True,True,True
AR0400SR,AR0400SR_n10_low_000,10,low,2028,ab652d77ad99c251d7827684b7b2978a3bd5151609c5b557840eec8522a54259,2032,2032,2032,2032,497,497,497,497,0,0,0,False,False,False,0,0,0,0,10,1,0.0,"[7, 0, 2, 3, 9, 1, 4, 5, 6, 8]","[7, 0, 2, 3, 9, 1, 4, 5, 6, 8]","[7, 0, 2, 3, 9, 1, 4, 5, 6, 8]","[7, 0, 2, 3, 9, 1, 4, 5, 6, 8]",True,True,True,True,True,False,False
AR0400SR,AR0400SR_n10_low_001,10,low,2028,ab652d77ad99c251d7827684b7b2978a3bd5151609c5b557840eec8522a54259,1359,1359,1359,1359,251,251,251,251,0,0,0,False,False,False,0,0,0,0,10,1,0.0,"[8, 9, 2, 4, 0, 3, 1, 5, 6, 7]","[8, 9, 2, 4, 0, 3, 1, 5, 6, 7]","[8, 9, 2, 4, 0, 3, 1, 5, 6, 7]","[8, 9, 2, 4, 0, 3, 1, 5, 6, 7]",True,True,True,True,True,False,False
AR0400SR,AR0400SR_n10_low_002,10,low,2028,ab652d77ad99c251d7827684b7b2978a3bd5151609c5b557840eec8522a54259,3218,3218,3218,3218,495,495,495,495,0,0,0,False,False,False,0,0,0,0,10,1,0.0,"[2, 4, 5, 0, 8, 1, 6, 3, 9, 7]","[2, 4, 5, 0, 8, 1, 6, 3, 9, 7]","[2, 4, 5, 0, 8, 1, 6, 3, 9, 7]","[2, 4, 5, 0, 8, 1, 6, 3, 9, 7]",True,True,True,True,True,False,False
AR0400SR,AR0400SR_n10_medium_000,10,medium,2028,ab652d77ad99c251d7827684b7b2978a3bd5151609c5b557840eec8522a54259,2965,2965,2965,2965,505,505,505,505,0,0,0,False,False,False,1,1,1,0.2,8,2,0.4,"[9, 5, 7, 0, 1, 3, 6, 2, 8, 4]","[0, 8, 9, 5, 7, 1, 3, 6, 2, 4]","[9, 5, 7, 1, 3, 6, 2, 4, 0, 8]","[9, 5, 7, 0, 1, 3, 6, 2, 8, 4]",True,False,False,True,True,True,True
AR0400SR,AR0400SR_n10_medium_001,10,medium,2028,ab652d77ad99c251d7827684b7b2978a3bd5151609c5b557840eec8522a54259,1935,1935,1935,1935,451,451,451,451,0,0,0,False,False,False,1,1,1,0.2,8,2,0.4,"[5, 8, 7, 0, 3, 2, 9, 1, 6, 4]","[2, 4, 5, 8, 7, 0, 3, 9, 1, 6]","[5, 8, 7, 0, 3, 9, 1, 6, 2, 4]","[5, 8, 7, 0, 3, 2, 9, 1, 6, 4]",True,False,False,True,True,True,True
AR0400SR,AR0400SR_n10_medium_002,10,medium,2028,ab652d77ad99c251d7827684b7b2978a3bd5151609c5b557840eec8522a54259,2251,2251,2251,2251,369,369,369,369,0,0,0,False,False,False,1,1,1,0.2,8,2,0.4,"[0, 9, 6, 3, 2, 8, 4, 5, 1, 7]","[2, 7, 0, 9, 6, 3, 8, 4, 5, 1]","[0, 9, 6, 3, 8, 4, 5, 1, 2, 7]","[0, 9, 6, 3, 2, 8, 4, 5, 1, 7]",True,False,False,True,True,True,True
AR0400SR,AR0400SR_n10_high_000,10,high,2028,ab652d77ad99c251d7827684b7b2978a3bd5151609c5b557840eec8522a54259,1922,1922,1922,1922,407,407,407,407,0,0,0,False,False,False,32,2,1,0.4,6,2,0.4898979485566356,"[1, 4, 6, 3, 2, 7, 5, 9, 8, 0]","[3, 7, 9, 0, 1, 4, 6, 2, 5, 8]","[1, 4, 6, 2, 5, 8, 3, 7, 9, 0]","[1, 4, 6, 3, 2, 7, 5, 9, 8, 0]",True,False,False,True,True,True,True
AR0400SR,AR0400SR_n10_high_001,10,high,2028,ab652d77ad99c251d7827684b7b2978a3bd5151609c5b557840eec8522a54259,2467,2467,2467,2467,421,421,421,421,0,0,0,False,False,False,16,1,1,0.2,8,2,0.4,"[9, 0, 2, 7, 3, 8, 5, 1, 4, 6]","[3, 1, 9, 0, 2, 7, 8, 5, 4, 6]","[9, 0, 2, 7, 8, 5, 4, 6, 3, 1]","[9, 0, 2, 7, 3, 8, 5, 1, 4, 6]",True,False,False,True,True,True,True
AR0400SR,AR0400SR_n10_high_002,10,high,2028,ab652d77ad99c251d7827684b7b2978a3bd5151609c5b557840eec8522a54259,2570,2570,2570,2570,409,409,409,409,0,0,0,False,False,False,63,1,1,0.2,8,2,0.4,"[8, 4, 0, 3, 6, 9, 2, 7, 1, 5]","[0, 9, 8, 4, 3, 6, 2, 7, 1, 5]","[8, 4, 3, 6, 2, 7, 1, 5, 0, 9]","[8, 4, 0, 3, 6, 9, 2, 7, 1, 5]",True,False,False,True,True,True,True
AR0400SR,AR0400SR_n20_low_000,20,low,2028,ab652d77ad99c251d7827684b7b2978a3bd5151609c5b557840eec8522a54259,4415,4415,4415,4415,484,484,484,484,0,0,0,False,False,False,0,0,0,0,20,1,0.0,"[10, 6, 5, 7, 19, 0, 9, 18, 16, 17, 8, 1, 3, 11, 14, 12, 15, 4, 13, 2]","[10, 6, 5, 7, 19, 0, 9, 18, 16, 17, 8, 1, 3, 11, 14, 12, 15, 4, 13, 2]","[10, 6, 5, 7, 19, 0, 9, 18, 16, 17, 8, 1, 3, 11, 14, 12, 15, 4, 13, 2]","[10, 6, 5, 7, 19, 0, 9, 18, 16, 17, 8, 1, 3, 11, 14, 12, 15, 4, 13, 2]",True,True,True,True,True,False,False
AR0400SR,AR0400SR_n20_low_001,20,low,2028,ab652d77ad99c251d7827684b7b2978a3bd5151609c5b557840eec8522a54259,4348,4348,4348,4348,478,478,478,478,0,0,0,False,False,False,0,0,0,0,20,1,0.0,"[9, 8, 5, 6, 14, 10, 12, 2, 0, 19, 4, 17, 11, 1, 16, 18, 15, 13, 3, 7]","[9, 8, 5, 6, 14, 10, 12, 2, 0, 19, 4, 17, 11, 1, 16, 18, 15, 13, 3, 7]","[9, 8, 5, 6, 14, 10, 12, 2, 0, 19, 4, 17, 11, 1, 16, 18, 15, 13, 3, 7]","[9, 8, 5, 6, 14, 10, 12, 2, 0, 19, 4, 17, 11, 1, 16, 18, 15, 13, 3, 7]",True,True,True,True,True,False,False
AR0400SR,AR0400SR_n20_low_002,20,low,2028,ab652d77ad99c251d7827684b7b2978a3bd5151609c5b557840eec8522a54259,5122,5122,5122,5122,484,484,484,484,0,0,0,False,False,False,0,0,0,0,20,1,0.0,"[14, 0, 9, 5, 19, 12, 8, 15, 2, 3, 1, 16, 11, 6, 17, 4, 7, 18, 13, 10]","[14, 0, 9, 5, 19, 12, 8, 15, 2, 3, 1, 16, 11, 6, 17, 4, 7, 18, 13, 10]","[14, 0, 9, 5, 19, 12, 8, 15, 2, 3, 1, 16, 11, 6, 17, 4, 7, 18, 13, 10]","[14, 0, 9, 5, 19, 12, 8, 15, 2, 3, 1, 16, 11, 6, 17, 4, 7, 18, 13, 10]",True,True,True,True,True,False,False
AR0400SR,AR0400SR_n20_medium_000,20,medium,2028,ab652d77ad99c251d7827684b7b2978a3bd5151609c5b557840eec8522a54259,4957,4957,4957,4957,507,507,507,507,0,0,0,False,False,False,2,2,2,0.2,17,3,0.5099019513592785,"[9, 11, 0, 7, 15, 13, 6, 2, 5, 12, 3, 8, 1, 14, 16, 17, 18, 19, 10, 4]","[12, 18, 10, 9, 11, 0, 7, 15, 13, 6, 2, 5, 3, 8, 1, 14, 16, 17, 19, 4]","[9, 11, 0, 7, 15, 13, 6, 2, 5, 3, 8, 1, 14, 16, 17, 19, 4, 18, 10, 12]","[9, 11, 0, 7, 15, 13, 6, 2, 5, 12, 3, 8, 1, 14, 16, 17, 18, 19, 10, 4]",True,False,False,True,True,True,True
AR0400SR,AR0400SR_n20_medium_001,20,medium,2028,ab652d77ad99c251d7827684b7b2978a3bd5151609c5b557840eec8522a54259,5594,5594,5594,5594,490,490,490,490,0,0,0,False,False,False,1,1,1,0.1,18,2,0.3,"[17, 9, 1, 7, 3, 18, 5, 2, 12, 16, 10, 13, 15, 8, 4, 6, 11, 14, 0, 19]","[1, 10, 17, 9, 7, 3, 18, 5, 2, 12, 16, 13, 15, 8, 4, 6, 11, 14, 0, 19]","[17, 9, 7, 3, 18, 5, 2, 12, 16, 13, 15, 8, 4, 6, 11, 14, 0, 19, 1, 10]","[17, 9, 1, 7, 3, 18, 5, 2, 12, 16, 10, 13, 15, 8, 4, 6, 11, 14, 0, 19]",True,False,False,True,True,True,True
AR0400SR,AR0400SR_n20_medium_002,20,medium,2028,ab652d77ad99c251d7827684b7b2978a3bd5151609c5b557840eec8522a54259,5257,5257,5257,5257,505,505,505,505,0,0,0,False,False,False,1,1,1,0.1,18,2,0.3,"[9, 2, 14, 7, 8, 13, 6, 16, 15, 3, 5, 4, 19, 12, 18, 11, 10, 17, 0, 1]","[4, 0, 9, 2, 14, 7, 8, 13, 6, 16, 15, 3, 5, 19, 12, 18, 11, 10, 17, 1]","[9, 2, 14, 7, 8, 13, 6, 16, 15, 3, 5, 19, 12, 18, 11, 10, 17, 1, 4, 0]","[9, 2, 14, 7, 8, 13, 6, 16, 15, 3, 5, 4, 19, 12, 18, 11, 10, 17, 0, 1]",True,False,False,True,True,True,True
AR0400SR,AR0400SR_n20_high_000,20,high,2028,ab652d77ad99c251d7827684b7b2978a3bd5151609c5b557840eec8522a54259,6273,6273,6273,6273,502,502,502,502,0,0,0,False,False,False,3,3,1,0.3,14,2,0.458257569495584,"[16, 19, 11, 0, 3, 12, 9, 1, 2, 5, 7, 6, 10, 17, 4, 8, 18, 14, 13, 15]","[3, 17, 18, 14, 13, 15, 16, 19, 11, 0, 12, 9, 1, 2, 5, 7, 6, 10, 4, 8]","[16, 19, 11, 0, 12, 9, 1, 2, 5, 7, 6, 10, 4, 8, 3, 17, 18, 14, 13, 15]","[16, 19, 11, 0, 3, 12, 9, 1, 2, 5, 7, 6, 10, 17, 4, 8, 18, 14, 13, 15]",True,False,False,True,True,True,True
AR0400SR,AR0400SR_n20_high_001,20,high,2028,ab652d77ad99c251d7827684b7b2978a3bd5151609c5b557840eec8522a54259,6315,6315,6711,6315,505,505,505,505,396,0,396,True,False,True,57,6,2,0.6,11,3,0.7348469228349535,"[2, 4, 3, 14, 7, 12, 16, 0, 5, 6, 15, 19, 17, 9, 10, 8, 13, 1, 11, 18]","[3, 5, 13, 7, 12, 6, 10, 1, 18, 2, 4, 14, 16, 0, 15, 19, 17, 9, 8, 11]","[2, 4, 14, 16, 0, 15, 19, 17, 9, 8, 11, 7, 12, 6, 10, 1, 18, 3, 5, 13]","[2, 4, 3, 14, 7, 12, 16, 0, 5, 6, 15, 19, 17, 9, 10, 8, 13, 1, 11, 18]",True,False,False,True,True,True,False
AR0400SR,AR0400SR_n20_high_002,20,high,2028,ab652d77ad99c251d7827684b7b2978a3bd5151609c5b557840eec8522a54259,5525,5525,5525,5525,499,499,499,499,0,0,0,False,False,False,4,4,2,0.4,13,3,0.5830951894845301,"[18, 7, 10, 3, 9, 11, 0, 2, 13, 14, 8, 15, 17, 16, 4, 6, 12, 1, 5, 19]","[17, 7, 11, 2, 4, 1, 19, 18, 10, 3, 9, 0, 13, 14, 8, 15, 16, 6, 12, 5]","[18, 10, 3, 9, 0, 13, 14, 8, 15, 16, 6, 12, 5, 7, 11, 2, 4, 1, 19, 17]","[18, 7, 10, 3, 9, 11, 0, 2, 13, 14, 8, 15, 17, 16, 4, 6, 12, 1, 5, 19]",True,False,False,True,True,True,True
AR0307SR,AR0307SR_n05_low_000,5,low,2029,ff6bb64e15d8c507861966e27a00df0df1efcf7b070584b0313fc9448b4f2732,1237,1237,1237,1237,485,485,485,485,0,0,0,False,False,False,0,0,0,0,5,1,0.0,"[1, 3, 0, 2, 4]","[1, 3, 0, 2, 4]","[1, 3, 0, 2, 4]","[1, 3, 0, 2, 4]",True,True,True,True,True,False,False
AR0307SR,AR0307SR_n05_low_001,5,low,2029,ff6bb64e15d8c507861966e27a00df0df1efcf7b070584b0313fc9448b4f2732,703,703,703,703,335,335,335,335,0,0,0,False,False,False,0,0,0,0,5,1,0.0,"[4, 1, 2, 0, 3]","[4, 1, 2, 0, 3]","[4, 1, 2, 0, 3]","[4, 1, 2, 0, 3]",True,True,True,True,True,False,False
AR0307SR,AR0307SR_n05_low_002,5,low,2029,ff6bb64e15d8c507861966e27a00df0df1efcf7b070584b0313fc9448b4f2732,1376,1376,1376,1376,459,459,459,459,0,0,0,False,False,False,0,0,0,0,5,1,0.0,"[2, 3, 1, 0, 4]","[2, 3, 1, 0, 4]","[2, 3, 1, 0, 4]","[2, 3, 1, 0, 4]",True,True,True,True,True,False,False
AR0307SR,AR0307SR_n05_medium_000,5,medium,2029,ff6bb64e15d8c507861966e27a00df0df1efcf7b070584b0313fc9448b4f2732,1200,1200,1200,1200,440,440,440,440,0,0,0,False,False,False,1,1,1,0.4,3,2,0.4898979485566356,"[0, 1, 2, 3, 4]","[0, 3, 1, 2, 4]","[1, 2, 4, 0, 3]","[0, 1, 2, 3, 4]",True,False,False,True,True,True,True
AR0307SR,AR0307SR_n05_medium_001,5,medium,2029,ff6bb64e15d8c507861966e27a00df0df1efcf7b070584b0313fc9448b4f2732,1049,1049,1049,1049,488,488,488,488,0,0,0,False,False,False,1,1,1,0.4,3,2,0.4898979485566356,"[3, 0, 1, 4, 2]","[1, 4, 3, 0, 2]","[3, 0, 2, 1, 4]","[3, 0, 1, 4, 2]",True,False,False,True,True,True,True
AR0307SR,AR0307SR_n05_medium_002,5,medium,2029,ff6bb64e15d8c507861966e27a00df0df1efcf7b070584b0313fc9448b4f2732,1501,1501,1501,1501,500,500,500,500,0,0,0,False,False,False,1,1,1,0.4,3,2,0.4898979485566356,"[3, 4, 0, 1, 2]","[4, 2, 3, 0, 1]","[3, 0, 1, 4, 2]","[3, 4, 0, 1, 2]",True,False,False,True,True,True,True
AR0307SR,AR0307SR_n05_high_000,5,high,2029,ff6bb64e15d8c507861966e27a00df0df1efcf7b070584b0313fc9448b4f2732,1862,1862,1862,1862,493,493,493,493,0,0,0,False,False,False,4,4,4,1.6,0,2,1.2,"[2, 4, 0, 3, 1]","[0, 2, 4, 3, 1]","[2, 4, 3, 1, 0]","[2, 4, 0, 3, 1]",True,False,False,True,True,True,True
AR0307SR,AR0307SR_n05_high_001,5,high,2029,ff6bb64e15d8c507861966e27a00df0df1efcf7b070584b0313fc9448b4f2732,1861,1861,1861,1861,476,476,476,476,0,0,0,False,False,False,3,3,2,1.2,1,3,0.7483314773547883,"[4, 0, 2, 3, 1]","[0, 3, 4, 2, 1]","[1, 4, 2, 0, 3]","[4, 0, 2, 3, 1]",True,False,False,True,True,True,True
AR0307SR,AR0307SR_n05_high_002,5,high,2029,ff6bb64e15d8c507861966e27a00df0df1efcf7b070584b0313fc9448b4f2732,1735,1735,1735,1735,460,460,460,460,0,0,0,False,False,False,3,3,2,1.2,1,3,0.7483314773547883,"[0, 4, 1, 3, 2]","[1, 3, 4, 2, 0]","[0, 4, 2, 1, 3]","[0, 4, 1, 3, 2]",True,False,False,True,True,True,True
AR0307SR,AR0307SR_n10_low_000,10,low,2029,ff6bb64e15d8c507861966e27a00df0df1efcf7b070584b0313fc9448b4f2732,2551,2551,2551,2551,502,502,502,502,0,0,0,False,False,False,0,0,0,0,10,1,0.0,"[9, 0, 3, 1, 6, 2, 8, 5, 4, 7]","[9, 0, 3, 1, 6, 2, 8, 5, 4, 7]","[9, 0, 3, 1, 6, 2, 8, 5, 4, 7]","[9, 0, 3, 1, 6, 2, 8, 5, 4, 7]",True,True,True,True,True,False,False
AR0307SR,AR0307SR_n10_low_001,10,low,2029,ff6bb64e15d8c507861966e27a00df0df1efcf7b070584b0313fc9448b4f2732,2655,2655,2655,2655,467,467,467,467,0,0,0,False,False,False,0,0,0,0,10,1,0.0,"[4, 9, 3, 8, 5, 7, 1, 2, 6, 0]","[4, 9, 3, 8, 5, 7, 1, 2, 6, 0]","[4, 9, 3, 8, 5, 7, 1, 2, 6, 0]","[4, 9, 3, 8, 5, 7, 1, 2, 6, 0]",True,True,True,True,True,False,False
AR0307SR,AR0307SR_n10_low_002,10,low,2029,ff6bb64e15d8c507861966e27a00df0df1efcf7b070584b0313fc9448b4f2732,2471,2471,2471,2471,417,417,417,417,0,0,0,False,False,False,0,0,0,0,10,1,0.0,"[6, 4, 0, 5, 8, 2, 7, 9, 3, 1]","[6, 4, 0, 5, 8, 2, 7, 9, 3, 1]","[6, 4, 0, 5, 8, 2, 7, 9, 3, 1]","[6, 4, 0, 5, 8, 2, 7, 9, 3, 1]",True,True,True,True,True,False,False
AR0307SR,AR0307SR_n10_medium_000,10,medium,2029,ff6bb64e15d8c507861966e27a00df0df1efcf7b070584b0313fc9448b4f2732,3192,3192,3192,3192,453,453,453,453,0,0,0,False,False,False,1,1,1,0.2,8,2,0.4,"[6, 4, 2, 3, 9, 0, 1, 5, 7, 8]","[4, 0, 6, 2, 3, 9, 1, 5, 7, 8]","[6, 2, 3, 9, 1, 5, 7, 8, 4, 0]","[6, 4, 2, 3, 9, 0, 1, 5, 7, 8]",True,False,False,True,True,True,True
AR0307SR,AR0307SR_n10_medium_001,10,medium,2029,ff6bb64e15d8c507861966e27a00df0df1efcf7b070584b0313fc9448b4f2732,2470,2470,2470,2470,510,510,510,510,0,0,0,False,False,False,1,1,1,0.2,8,2,0.4,"[0, 9, 7, 5, 6, 1, 8, 3, 4, 2]","[3, 2, 0, 9, 7, 5, 6, 1, 8, 4]","[0, 9, 7, 5, 6, 1, 8, 4, 3, 2]","[0, 9, 7, 5, 6, 1, 8, 3, 4, 2]",True,False,False,True,True,True,True
AR0307SR,AR0307SR_n10_medium_002,10,medium,2029,ff6bb64e15d8c507861966e27a00df0df1efcf7b070584b0313fc9448b4f2732,2942,2942,2942,2942,489,489,489,489,0,0,0,False,False,False,2,2,1,0.4,6,2,0.4898979485566356,"[0, 5, 7, 4, 1, 9, 8, 6, 3, 2]","[5, 1, 6, 3, 0, 7, 4, 9, 8, 2]","[0, 7, 4, 9, 8, 2, 5, 1, 6, 3]","[0, 5, 7, 4, 1, 9, 8, 6, 3, 2]",True,False,False,True,True,True,True
AR0307SR,AR0307SR_n10_high_000,10,high,2029,ff6bb64e15d8c507861966e27a00df0df1efcf7b070584b0313fc9448b4f2732,3290,3290,3290,3290,491,491,491,491,0,0,0,False,False,False,3,3,3,0.6,6,3,0.916515138991168,"[1, 2, 4, 3, 7, 5, 8, 9, 0, 6]","[0, 1, 8, 9, 2, 4, 3, 7, 5, 6]","[2, 4, 3, 7, 5, 6, 1, 8, 9, 0]","[1, 2, 4, 3, 7, 5, 8, 9, 0, 6]",True,False,False,True,True,True,True
AR0307SR,AR0307SR_n10_high_001,10,high,2029,ff6bb64e15d8c507861966e27a00df0df1efcf7b070584b0313fc9448b4f2732,2635,2635,2635,2635,506,506,506,506,0,0,0,False,False,False,3,3,1,0.6,4,2,0.4898979485566356,"[1, 9, 0, 3, 8, 2, 7, 5, 6, 4]","[9, 0, 3, 2, 7, 6, 1, 8, 5, 4]","[1, 8, 5, 4, 9, 0, 3, 2, 7, 6]","[1, 9, 0, 3, 8, 2, 7, 5, 6, 4]",True,False,False,True,True,True,True
AR0307SR,AR0307SR_n10_high_002,10,high,2029,ff6bb64e15d8c507861966e27a00df0df1efcf7b070584b0313fc9448b4f2732,2550,2550,2550,2550,476,476,476,476,0,0,0,False,False,False,3,3,1,0.6,4,2,0.4898979485566356,"[6, 3, 5, 2, 9, 0, 1, 7, 8, 4]","[6, 3, 5, 2, 7, 4, 9, 0, 1, 8]","[9, 0, 1, 8, 6, 3, 5, 2, 7, 4]","[6, 3, 5, 2, 9, 0, 1, 7, 8, 4]",True,False,False,True,True,True,True
AR0307SR,AR0307SR_n20_low_000,20,low,2029,ff6bb64e15d8c507861966e27a00df0df1efcf7b070584b0313fc9448b4f2732,5277,5277,5277,5277,489,489,489,489,0,0,0,False,False,False,0,0,0,0,20,1,0.0,"[15, 10, 4, 0, 16, 12, 7, 11, 1, 5, 2, 17, 14, 9, 6, 13, 19, 8, 18, 3]","[15, 10, 4, 0, 16, 12, 7, 11, 1, 5, 2, 17, 14, 9, 6, 13, 19, 8, 18, 3]","[15, 10, 4, 0, 16, 12, 7, 11, 1, 5, 2, 17, 14, 9, 6, 13, 19, 8, 18, 3]","[15, 10, 4, 0, 16, 12, 7, 11, 1, 5, 2, 17, 14, 9, 6, 13, 19, 8, 18, 3]",True,True,True,True,True,False,False
AR0307SR,AR0307SR_n20_low_001,20,low,2029,ff6bb64e15d8c507861966e27a00df0df1efcf7b070584b0313fc9448b4f2732,4864,4864,4864,4864,447,447,447,447,0,0,0,False,False,False,0,0,0,0,20,1,0.0,"[10, 6, 17, 15, 4, 8, 11, 7, 0, 2, 19, 5, 14, 13, 18, 1, 16, 3, 12, 9]","[10, 6, 17, 15, 4, 8, 11, 7, 0, 2, 19, 5, 14, 13, 18, 1, 16, 3, 12, 9]","[10, 6, 17, 15, 4, 8, 11, 7, 0, 2, 19, 5, 14, 13, 18, 1, 16, 3, 12, 9]","[10, 6, 17, 15, 4, 8, 11, 7, 0, 2, 19, 5, 14, 13, 18, 1, 16, 3, 12, 9]",True,True,True,True,True,False,False
AR0307SR,AR0307SR_n20_low_002,20,low,2029,ff6bb64e15d8c507861966e27a00df0df1efcf7b070584b0313fc9448b4f2732,5073,5073,5073,5073,498,498,498,498,0,0,0,False,False,False,0,0,0,0,20,1,0.0,"[3, 5, 6, 16, 9, 12, 15, 0, 7, 17, 10, 11, 19, 4, 18, 8, 1, 13, 14, 2]","[3, 5, 6, 16, 9, 12, 15, 0, 7, 17, 10, 11, 19, 4, 18, 8, 1, 13, 14, 2]","[3, 5, 6, 16, 9, 12, 15, 0, 7, 17, 10, 11, 19, 4, 18, 8, 1, 13, 14, 2]","[3, 5, 6, 16, 9, 12, 15, 0, 7, 17, 10, 11, 19, 4, 18, 8, 1, 13, 14, 2]",True,True,True,True,True,False,False
AR0307SR,AR0307SR_n20_medium_000,20,medium,2029,ff6bb64e15d8c507861966e27a00df0df1efcf7b070584b0313fc9448b4f2732,4761,4761,4761,4761,512,512,512,512,0,0,0,False,False,False,2,2,1,0.2,16,2,0.4,"[14, 8, 12, 4, 1, 9, 16, 13, 7, 2, 0, 5, 11, 3, 10, 17, 6, 15, 19, 18]","[11, 10, 17, 19, 14, 8, 12, 4, 1, 9, 16, 13, 7, 2, 0, 5, 3, 6, 15, 18]","[14, 8, 12, 4, 1, 9, 16, 13, 7, 2, 0, 5, 3, 6, 15, 18, 11, 10, 17, 19]","[14, 8, 12, 4, 1, 9, 16, 13, 7, 2, 0, 5, 11, 3, 10, 17, 6, 15, 19, 18]",True,False,False,True,True,True,True
AR0307SR,AR0307SR_n20_medium_001,20,medium,2029,ff6bb64e15d8c507861966e27a00df0df1efcf7b070584b0313fc9448b4f2732,5463,5463,5463,5463,487,487,487,487,0,0,0,False,False,False,1,1,1,0.1,18,2,0.3,"[6, 15, 19, 0, 8, 7, 9, 18, 2, 4, 16, 12, 13, 11, 17, 3, 10, 1, 14, 5]","[11, 10, 6, 15, 19, 0, 8, 7, 9, 18, 2, 4, 16, 12, 13, 17, 3, 1, 14, 5]","[6, 15, 19, 0, 8, 7, 9, 18, 2, 4, 16, 12, 13, 17, 3, 1, 14, 5, 11, 10]","[6, 15, 19, 0, 8, 7, 9, 18, 2, 4, 16, 12, 13, 11, 17, 3, 10, 1, 14, 5]",True,False,False,True,True,True,True
AR0307SR,AR0307SR_n20_medium_002,20,medium,2029,ff6bb64e15d8c507861966e27a00df0df1efcf7b070584b0313fc9448b4f2732,5330,5330,5330,5330,450,450,450,450,0,0,0,False,False,False,1,1,1,0.1,18,2,0.3,"[1, 11, 15, 3, 13, 0, 16, 10, 9, 2, 5, 7, 17, 12, 4, 18, 14, 6, 8, 19]","[10, 17, 1, 11, 15, 3, 13, 0, 16, 9, 2, 5, 7, 12, 4, 18, 14, 6, 8, 19]","[1, 11, 15, 3, 13, 0, 16, 9, 2, 5, 7, 12, 4, 18, 14, 6, 8, 19, 10, 17]","[1, 11, 15, 3, 13, 0, 16, 10, 9, 2, 5, 7, 17, 12, 4, 18, 14, 6, 8, 19]",True,False,False,True,True,True,True
AR0307SR,AR0307SR_n20_high_000,20,high,2029,ff6bb64e15d8c507861966e27a00df0df1efcf7b070584b0313fc9448b4f2732,5565,5566,5565,5565,502,501,502,502,1,1,1,True,True,True,8,8,3,0.8,10,4,0.9273618495495703,"[10, 2, 11, 1, 13, 12, 7, 5, 0, 6, 15, 14, 4, 9, 17, 3, 19, 16, 18, 8]","[3, 15, 16, 18, 8, 1, 5, 14, 9, 17, 10, 2, 11, 13, 12, 7, 0, 6, 4, 19]","[10, 2, 11, 13, 12, 7, 0, 6, 4, 19, 1, 5, 14, 9, 17, 15, 16, 18, 8, 3]","[10, 2, 11, 1, 13, 12, 7, 5, 0, 6, 15, 14, 4, 9, 17, 3, 19, 16, 18, 8]",True,False,False,True,True,False,True
AR0307SR,AR0307SR_n20_high_001,20,high,2029,ff6bb64e15d8c507861966e27a00df0df1efcf7b070584b0313fc9448b4f2732,5279,5279,5279,5279,499,499,499,499,0,0,0,False,False,False,8,8,3,0.8,9,4,0.8717797887081347,"[17, 3, 16, 5, 19, 11, 12, 2, 0, 13, 6, 10, 1, 4, 14, 8, 9, 7, 15, 18]","[14, 9, 7, 18, 5, 12, 2, 6, 1, 8, 15, 17, 3, 16, 19, 11, 0, 13, 10, 4]","[17, 3, 16, 19, 11, 0, 13, 10, 4, 5, 12, 2, 6, 1, 8, 15, 9, 7, 18, 14]","[17, 3, 16, 5, 19, 11, 12, 2, 0, 13, 6, 10, 1, 4, 14, 8, 9, 7, 15, 18]",True,False,False,True,True,True,True
AR0307SR,AR0307SR_n20_high_002,20,high,2029,ff6bb64e15d8c507861966e27a00df0df1efcf7b070584b0313fc9448b4f2732,4955,4968,4977,4955,507,507,507,507,22,0,22,True,False,True,9,9,3,0.9,7,4,0.8306623862918074,"[11, 10, 8, 0, 16, 18, 7, 15, 3, 4, 14, 6, 19, 13, 2, 12, 5, 1, 17, 9]","[0, 13, 5, 17, 15, 3, 4, 6, 19, 2, 12, 1, 9, 11, 10, 8, 16, 18, 7, 14]","[11, 10, 8, 16, 18, 7, 14, 15, 3, 4, 6, 19, 2, 12, 1, 9, 13, 5, 17, 0]","[11, 10, 8, 0, 16, 18, 7, 15, 3, 4, 14, 6, 19, 13, 2, 12, 5, 1, 17, 9]",True,False,False,True,True,False,False
