manifest_sha256,map_name,catalogue_seed,instance_id,agent_count,interaction_level,actual_a_i,search_active,manifest_independent_conflict_count,manifest_conflicting_agent_pair_count,max_conflict_degree,spf_success,cglps_success,ubls_success,recovered_by_cglps,recovered_by_ubls,unrecovered,spf_soc,spf_makespan,cglps_soc,cglps_makespan,ubls_soc,ubls_makespan,cglps_selected_candidate_id,ubls_selected_candidate_id,cglps_soc_improvement_vs_spf,ubls_soc_improvement_vs_spf,cglps_makespan_only_vs_spf,ubls_makespan_only_vs_spf,cglps_lex_vs_spf,ubls_lex_vs_spf,cglps_vs_ubls_soc_diff,cglps_vs_ubls_lex,spf_logical_runtime_ms,cglps_logical_runtime_ms,ubls_logical_runtime_ms,physical_instance_wall_time_ms
a8bec75ead3a9f18a6d4e99fa05aa5a2f4291ee289b47debf5533ec06dc18403,AR0307SR,2031,AR0307SR_n05_high_000,5,high,1,True,241,1,1,True,True,True,False,False,False,1037,357,1037,356,1037,357,1,0,0,0,True,False,left_better,equal,0,left_better,3939.343000005465,5906.5468999615405,5962.868000002345,7942.620799993165
a8bec75ead3a9f18a6d4e99fa05aa5a2f4291ee289b47debf5533ec06dc18403,AR0307SR,2031,AR0307SR_n05_high_001,5,high,3,True,3,3,2,True,True,True,False,False,False,1366,395,1366,395,1366,395,0,0,0,0,False,False,equal,equal,0,equal,51740.79299997538,129607.15859994525,129979.9530999735,207869.6802999766
a8bec75ead3a9f18a6d4e99fa05aa5a2f4291ee289b47debf5533ec06dc18403,AR0307SR,2031,AR0307SR_n05_high_002,5,high,1,True,367,1,1,True,True,True,False,False,False,1832,499,1832,498,1832,499,1,0,0,0,True,False,left_better,equal,0,left_better,154238.68609996862,231933.3419999748,232539.48429998127,310252.5201999815
a8bec75ead3a9f18a6d4e99fa05aa5a2f4291ee289b47debf5533ec06dc18403,AR0307SR,2031,AR0307SR_n05_low_000,5,low,0,False,0,0,0,True,True,True,False,False,False,1665,511,1665,511,1665,511,0,0,0,0,False,False,equal,equal,0,equal,49787.471499992535,49791.679399990244,49787.51630001352,49796.755999996094
a8bec75ead3a9f18a6d4e99fa05aa5a2f4291ee289b47debf5533ec06dc18403,AR0307SR,2031,AR0307SR_n05_low_001,5,low,0,False,0,0,0,True,True,True,False,False,False,1034,476,1034,476,1034,476,0,0,0,0,False,False,equal,equal,0,equal,33218.51899995818,33222.02869996545,33218.559599947184,33226.98440001113
a8bec75ead3a9f18a6d4e99fa05aa5a2f4291ee289b47debf5533ec06dc18403,AR0307SR,2031,AR0307SR_n05_low_002,5,low,0,False,0,0,0,True,True,True,False,False,False,1609,489,1609,489,1609,489,0,0,0,0,False,False,equal,equal,0,equal,108649.24980001524,108653.20060003432,108649.28460001829,108658.80889998516
a8bec75ead3a9f18a6d4e99fa05aa5a2f4291ee289b47debf5533ec06dc18403,AR0307SR,2031,AR0307SR_n05_medium_000,5,medium,2,True,2,2,2,True,True,True,False,False,False,1652,499,1652,499,1652,499,0,0,0,0,False,False,equal,equal,0,equal,95719.56080000382,191882.31189997168,192483.8185000408,288671.24249998596
a8bec75ead3a9f18a6d4e99fa05aa5a2f4291ee289b47debf5533ec06dc18403,AR0307SR,2031,AR0307SR_n05_medium_001,5,medium,1,True,1,1,1,True,True,True,False,False,False,1164,472,1164,472,1164,472,0,0,0,0,False,False,equal,equal,0,equal,60129.594400001224,102269.01720001479,90643.2797999878,132797.4317999906
a8bec75ead3a9f18a6d4e99fa05aa5a2f4291ee289b47debf5533ec06dc18403,AR0307SR,2031,AR0307SR_n05_medium_002,5,medium,1,True,1,1,1,True,True,True,False,False,False,1324,512,1324,512,1324,512,0,0,0,0,False,False,equal,equal,0,equal,93778.3250999637,141081.58109997748,140640.36069996655,187960.77999999397
a8bec75ead3a9f18a6d4e99fa05aa5a2f4291ee289b47debf5533ec06dc18403,AR0307SR,2031,AR0307SR_n10_high_000,10,high,4,True,6,6,3,True,True,True,False,False,False,3409,481,3409,481,3409,481,0,0,0,0,False,False,equal,equal,0,equal,194371.6856999963,584274.9634999782,584937.6852999849,974996.762099996
a8bec75ead3a9f18a6d4e99fa05aa5a2f4291ee289b47debf5533ec06dc18403,AR0307SR,2031,AR0307SR_n10_high_001,10,high,3,True,78,3,1,True,True,True,False,False,False,3252,503,3252,503,3252,503,0,0,0,0,False,False,equal,equal,0,equal,192102.92849998223,488696.6869000171,498999.1578999907,795722.4650999997
a8bec75ead3a9f18a6d4e99fa05aa5a2f4291ee289b47debf5533ec06dc18403,AR0307SR,2031,AR0307SR_n10_high_002,10,high,4,True,4,4,3,True,True,True,False,False,False,2290,497,2290,497,2290,497,0,0,0,0,False,False,equal,equal,0,equal,90289.06490001827,272278.55940000154,271688.44810003066,453828.38049999555
a8bec75ead3a9f18a6d4e99fa05aa5a2f4291ee289b47debf5533ec06dc18403,AR0307SR,2031,AR0307SR_n10_low_000,10,low,0,False,0,0,0,True,True,True,False,False,False,2604,491,2604,491,2604,491,0,0,0,0,False,False,equal,equal,0,equal,86574.89829996484,86591.06779997819,86574.9405999668,86609.59490001551
a8bec75ead3a9f18a6d4e99fa05aa5a2f4291ee289b47debf5533ec06dc18403,AR0307SR,2031,AR0307SR_n10_low_001,10,low,0,False,0,0,0,True,True,True,False,False,False,1803,322,1803,322,1803,322,0,0,0,0,False,False,equal,equal,0,equal,14217.989700002363,14228.384399990318,14218.02500000922,14241.867400007322
a8bec75ead3a9f18a6d4e99fa05aa5a2f4291ee289b47debf5533ec06dc18403,AR0307SR,2031,AR0307SR_n10_low_002,10,low,0,False,0,0,0,True,True,True,False,False,False,2511,406,2511,406,2511,406,0,0,0,0,False,False,equal,equal,0,equal,62724.70369999064,62738.51479997393,62724.74659999716,62754.35709999874
a8bec75ead3a9f18a6d4e99fa05aa5a2f4291ee289b47debf5533ec06dc18403,AR0307SR,2031,AR0307SR_n10_medium_000,10,medium,2,True,2,2,2,True,True,True,False,False,False,2824,504,2824,504,2824,504,0,0,0,0,False,False,equal,equal,0,equal,120821.69260000228,245039.90999999223,244738.1427999935,369048.2190999901
a8bec75ead3a9f18a6d4e99fa05aa5a2f4291ee289b47debf5533ec06dc18403,AR0307SR,2031,AR0307SR_n10_medium_001,10,medium,1,True,1,1,1,True,True,True,False,False,False,2219,480,2219,480,2219,480,0,0,0,0,False,False,equal,equal,0,equal,59681.44310003845,89704.25250005792,88970.81110003637,119043.43099999824
a8bec75ead3a9f18a6d4e99fa05aa5a2f4291ee289b47debf5533ec06dc18403,AR0307SR,2031,AR0307SR_n10_medium_002,10,medium,1,True,1,1,1,True,True,True,False,False,False,2254,501,2254,501,2254,501,0,0,0,0,False,False,equal,equal,0,equal,80241.96120002307,128389.42819999647,119922.92219999945,168123.5466999933
a8bec75ead3a9f18a6d4e99fa05aa5a2f4291ee289b47debf5533ec06dc18403,AR0307SR,2031,AR0307SR_n20_high_000,20,high,4,True,7,7,4,True,True,True,False,False,False,4417,510,4415,510,4417,510,1,0,2,0,False,False,left_better,equal,-2,left_better,146670.62160000205,449354.7683999641,445915.5500999768,749228.3415999846
a8bec75ead3a9f18a6d4e99fa05aa5a2f4291ee289b47debf5533ec06dc18403,AR0307SR,2031,AR0307SR_n20_high_001,20,high,4,True,9,9,5,True,True,True,False,False,False,6163,502,6163,502,6163,502,0,0,0,0,False,False,equal,equal,0,equal,210981.0482999892,634670.3960000305,629267.3505999846,1053609.6305000247
a8bec75ead3a9f18a6d4e99fa05aa5a2f4291ee289b47debf5533ec06dc18403,AR0307SR,2031,AR0307SR_n20_high_002,20,high,4,True,5,5,4,True,True,True,False,False,False,5777,512,5777,512,5777,512,0,0,0,0,False,False,equal,equal,0,equal,276216.5951000061,836587.927000015,841653.7378999637,1402680.908499984
a8bec75ead3a9f18a6d4e99fa05aa5a2f4291ee289b47debf5533ec06dc18403,AR0307SR,2031,AR0307SR_n20_low_000,20,low,0,False,0,0,0,True,True,True,False,False,False,3694,451,3694,451,3694,451,0,0,0,0,False,False,equal,equal,0,equal,100985.88029996608,101046.71599998255,100985.95389997354,101109.75649999455
a8bec75ead3a9f18a6d4e99fa05aa5a2f4291ee289b47debf5533ec06dc18403,AR0307SR,2031,AR0307SR_n20_low_001,20,low,0,False,0,0,0,True,True,True,False,False,False,3946,444,3946,444,3946,444,0,0,0,0,False,False,equal,equal,0,equal,51573.21940001566,51632.315499999095,51573.2920000155,51693.588800000725
a8bec75ead3a9f18a6d4e99fa05aa5a2f4291ee289b47debf5533ec06dc18403,AR0307SR,2031,AR0307SR_n20_low_002,20,low,0,False,0,0,0,True,True,True,False,False,False,4425,505,4425,505,4425,505,0,0,0,0,False,False,equal,equal,0,equal,162919.15489998064,162988.0581999896,162919.23429997405,163057.3330000043
a8bec75ead3a9f18a6d4e99fa05aa5a2f4291ee289b47debf5533ec06dc18403,AR0307SR,2031,AR0307SR_n20_medium_000,20,medium,2,True,2,2,2,True,True,True,False,False,False,5214,492,5214,492,5214,492,0,0,0,0,False,False,equal,equal,0,equal,179197.34109999263,360801.6587999882,359900.43809998315,541841.5339000057
a8bec75ead3a9f18a6d4e99fa05aa5a2f4291ee289b47debf5533ec06dc18403,AR0307SR,2031,AR0307SR_n20_medium_001,20,medium,2,True,2,2,1,True,True,True,False,False,False,5498,501,5498,501,5498,501,0,0,0,0,False,False,equal,equal,0,equal,243511.21409999905,488425.9127000405,488588.3959000057,733846.4566999755
a8bec75ead3a9f18a6d4e99fa05aa5a2f4291ee289b47debf5533ec06dc18403,AR0307SR,2031,AR0307SR_n20_medium_002,20,medium,2,True,2,2,1,True,True,True,False,False,False,4518,433,4518,431,4518,433,2,0,0,0,True,False,left_better,equal,0,left_better,72592.20320000895,145705.66710003186,145627.06709999475,219038.5553999804
14964ee449b826c6280299f68a6cfc0cc42d34f3045d87070971027009dbb71c,AR0400SR,2030,AR0400SR_n05_high_000,5,high,1,True,78,1,1,True,True,True,False,False,False,1295,478,1294,478,1294,478,1,1,1,1,False,False,left_better,left_better,0,equal,8902.691800001776,13362.039200001163,13360.006800008705,17831.646899983753
14964ee449b826c6280299f68a6cfc0cc42d34f3045d87070971027009dbb71c,AR0400SR,2030,AR0400SR_n05_high_001,5,high,1,True,3,1,1,True,True,True,False,False,False,1118,418,1118,418,1118,418,0,0,0,0,False,False,equal,equal,0,equal,1240.053200017428,1891.31770003587,1855.2809999964666,2516.8686999822967
14964ee449b826c6280299f68a6cfc0cc42d34f3045d87070971027009dbb71c,AR0400SR,2030,AR0400SR_n05_high_002,5,high,1,True,168,1,1,True,True,True,False,False,False,1561,370,1561,370,1561,370,0,0,0,0,False,False,equal,equal,0,equal,18675.701999949524,28167.918099934468,28128.336399968248,37630.28430001577
14964ee449b826c6280299f68a6cfc0cc42d34f3045d87070971027009dbb71c,AR0400SR,2030,AR0400SR_n05_low_000,5,low,0,False,0,0,0,True,True,True,False,False,False,1256,479,1256,479,1256,479,0,0,0,0,False,False,equal,equal,0,equal,6269.212199986214,6272.866900020745,6269.2473999923095,6276.631500018993
14964ee449b826c6280299f68a6cfc0cc42d34f3045d87070971027009dbb71c,AR0400SR,2030,AR0400SR_n05_low_001,5,low,0,False,0,0,0,True,True,True,False,False,False,1280,403,1280,403,1280,403,0,0,0,0,False,False,equal,equal,0,equal,38362.163700017845,38365.74209999526,38362.199200026225,38370.275199995376
14964ee449b826c6280299f68a6cfc0cc42d34f3045d87070971027009dbb71c,AR0400SR,2030,AR0400SR_n05_low_002,5,low,0,False,0,0,0,True,True,True,False,False,False,1415,440,1415,440,1415,440,0,0,0,0,False,False,equal,equal,0,equal,24665.056899975752,24668.486999958986,24665.09329996188,24672.420199989574
14964ee449b826c6280299f68a6cfc0cc42d34f3045d87070971027009dbb71c,AR0400SR,2030,AR0400SR_n05_medium_000,5,medium,1,True,1,1,1,True,True,True,False,False,False,1141,471,1141,471,1141,471,0,0,0,0,False,False,equal,equal,0,equal,25392.371499998262,57625.55479994626,38068.8731999835,70316.23759999638
14964ee449b826c6280299f68a6cfc0cc42d34f3045d87070971027009dbb71c,AR0400SR,2030,AR0400SR_n05_medium_001,5,medium,1,True,1,1,1,True,True,True,False,False,False,1768,505,1768,505,1768,505,0,0,0,0,False,False,equal,equal,0,equal,17718.039100029273,31567.60660003056,26602.329700021073,40465.304900018964
14964ee449b826c6280299f68a6cfc0cc42d34f3045d87070971027009dbb71c,AR0400SR,2030,AR0400SR_n05_medium_002,5,medium,1,True,1,1,1,True,True,True,False,False,False,1422,411,1422,411,1422,411,0,0,0,0,False,False,equal,equal,0,equal,22791.390499973204,34277.529599989066,34293.78409998026,45791.22889999417
14964ee449b826c6280299f68a6cfc0cc42d34f3045d87070971027009dbb71c,AR0400SR,2030,AR0400SR_n10_high_000,10,high,3,True,3,3,2,True,True,True,False,False,False,3747,505,3747,505,3747,505,0,0,0,0,False,False,equal,equal,0,equal,220916.47529997863,555168.5451999947,556483.4472000075,890880.6972999882
14964ee449b826c6280299f68a6cfc0cc42d34f3045d87070971027009dbb71c,AR0400SR,2030,AR0400SR_n10_high_001,10,high,3,True,3,3,2,True,True,True,False,False,False,2828,511,2828,511,2828,511,0,0,0,0,False,False,equal,equal,0,equal,112527.85930002574,283482.0866000373,283206.71700002276,454287.10459999274
14964ee449b826c6280299f68a6cfc0cc42d34f3045d87070971027009dbb71c,AR0400SR,2030,AR0400SR_n10_high_002,10,high,3,True,3,3,2,True,True,True,False,False,False,3519,494,3519,494,3519,494,0,0,0,0,False,False,equal,equal,0,equal,88264.19719998376,221415.36059998907,221609.50920003233,354885.5474999873
14964ee449b826c6280299f68a6cfc0cc42d34f3045d87070971027009dbb71c,AR0400SR,2030,AR0400SR_n10_low_000,10,low,0,False,0,0,0,True,True,True,False,False,False,2233,481,2233,481,2233,481,0,0,0,0,False,False,equal,equal,0,equal,84102.13750001276,84117.80830001226,84102.18439999153,84136.14689998212
14964ee449b826c6280299f68a6cfc0cc42d34f3045d87070971027009dbb71c,AR0400SR,2030,AR0400SR_n10_low_001,10,low,0,False,0,0,0,True,True,True,False,False,False,2617,487,2617,487,2617,487,0,0,0,0,False,False,equal,equal,0,equal,108232.64720002771,108248.6461000226,108232.69550004625,108266.73740000115
14964ee449b826c6280299f68a6cfc0cc42d34f3045d87070971027009dbb71c,AR0400SR,2030,AR0400SR_n10_low_002,10,low,0,False,0,0,0,True,True,True,False,False,False,2925,511,2925,511,2925,511,0,0,0,0,False,False,equal,equal,0,equal,116861.14410002483,116878.52720002411,116861.18770000758,116899.05939999153
14964ee449b826c6280299f68a6cfc0cc42d34f3045d87070971027009dbb71c,AR0400SR,2030,AR0400SR_n10_medium_000,10,medium,1,True,1,1,1,True,True,True,False,False,False,3144,507,3144,507,3144,507,0,0,0,0,False,False,equal,equal,0,equal,135476.9557999971,203806.4269000024,203531.87130004517,271919.07910001464
14964ee449b826c6280299f68a6cfc0cc42d34f3045d87070971027009dbb71c,AR0400SR,2030,AR0400SR_n10_medium_001,10,medium,1,True,1,1,1,True,True,True,False,False,False,2939,488,2939,488,2939,488,0,0,0,0,False,False,equal,equal,0,equal,115856.15440001129,173848.54589999304,174033.06890002568,232082.41800000542
14964ee449b826c6280299f68a6cfc0cc42d34f3045d87070971027009dbb71c,AR0400SR,2030,AR0400SR_n10_medium_002,10,medium,1,True,1,1,1,True,True,True,False,False,False,2376,494,2376,494,2376,494,0,0,0,0,False,False,equal,equal,0,equal,41368.399800005136,62600.76699996716,62167.184899997665,83453.33089999622
14964ee449b826c6280299f68a6cfc0cc42d34f3045d87070971027009dbb71c,AR0400SR,2030,AR0400SR_n20_high_000,20,high,4,True,270,4,2,True,True,True,False,False,False,6807,508,6807,508,6807,508,0,0,0,0,False,False,equal,equal,0,equal,212653.5012999666,652220.1070999436,643062.0981999382,1083290.5092000146
14964ee449b826c6280299f68a6cfc0cc42d34f3045d87070971027009dbb71c,AR0400SR,2030,AR0400SR_n20_high_001,20,high,4,True,8,8,4,True,True,True,False,False,False,6491,503,6491,503,6491,503,0,0,0,0,False,False,equal,equal,0,equal,248353.15400001127,747952.5330000324,747065.820000018,1247307.5040999975
14964ee449b826c6280299f68a6cfc0cc42d34f3045d87070971027009dbb71c,AR0400SR,2030,AR0400SR_n20_high_002,20,high,3,True,3,3,2,True,True,True,False,False,False,5826,470,5826,470,5826,470,0,0,0,0,False,False,equal,equal,0,equal,81943.51939996704,206572.94299994828,206558.2684999681,331646.81649999693
14964ee449b826c6280299f68a6cfc0cc42d34f3045d87070971027009dbb71c,AR0400SR,2030,AR0400SR_n20_low_000,20,low,0,False,0,0,0,True,True,True,False,False,False,4904,481,4904,481,4904,481,0,0,0,0,False,False,equal,equal,0,equal,114809.80560000171,114877.54180000047,114809.87790002837,114945.06030000048
14964ee449b826c6280299f68a6cfc0cc42d34f3045d87070971027009dbb71c,AR0400SR,2030,AR0400SR_n20_low_001,20,low,0,False,0,0,0,True,True,True,False,False,False,5156,465,5156,465,5156,465,0,0,0,0,False,False,equal,equal,0,equal,339660.72480002185,339726.0696000012,339660.8320999949,339797.3536000063
14964ee449b826c6280299f68a6cfc0cc42d34f3045d87070971027009dbb71c,AR0400SR,2030,AR0400SR_n20_low_002,20,low,0,False,0,0,0,True,True,True,False,False,False,5457,473,5457,473,5457,473,0,0,0,0,False,False,equal,equal,0,equal,108736.58170000999,108803.90659999102,108736.64529999951,108872.58960001054
14964ee449b826c6280299f68a6cfc0cc42d34f3045d87070971027009dbb71c,AR0400SR,2030,AR0400SR_n20_medium_000,20,medium,1,True,1,1,1,True,True,True,False,False,False,5410,501,5410,501,5410,501,0,0,0,0,False,False,equal,equal,0,equal,269037.4327999889,406159.7719999845,403326.1208999611,540663.5757000186
14964ee449b826c6280299f68a6cfc0cc42d34f3045d87070971027009dbb71c,AR0400SR,2030,AR0400SR_n20_medium_001,20,medium,2,True,2,2,2,True,True,True,False,False,False,5644,512,5644,512,5644,512,0,0,0,0,False,False,equal,equal,0,equal,320832.6405999542,659479.0362999483,646723.4710999473,985733.5491999984
14964ee449b826c6280299f68a6cfc0cc42d34f3045d87070971027009dbb71c,AR0400SR,2030,AR0400SR_n20_medium_002,20,medium,1,True,1,1,1,True,True,True,False,False,False,4393,444,4393,444,4393,444,0,0,0,0,False,False,equal,equal,0,equal,104921.85590000008,160387.22520001465,159691.79120004992,215341.574399994
