strategy,deterministic_soc,random_runs_lower_soc_count,random_runs_equal_soc_count,random_runs_higher_soc_count,deterministic_vs_random_mean_soc_diff,deterministic_vs_random_median_soc_diff,deterministic_vs_random_sampled_best_of_k_soc_diff,instance_id,agent_count,interaction_level,random_soc_mean,random_soc_median,random_sampled_best_of_k_soc,sampled_best_of_k_note
fixed,1378,0,10,0,0,0.0,0,AR0204SR_n05_low_000,5,low,1378,1378.0,1378,sampled best-of-K diagnostic; not the primary Random baseline
spf,1378,0,10,0,0,0.0,0,AR0204SR_n05_low_000,5,low,1378,1378.0,1378,sampled best-of-K diagnostic; not the primary Random baseline
lpf,1378,0,10,0,0,0.0,0,AR0204SR_n05_low_000,5,low,1378,1378.0,1378,sampled best-of-K diagnostic; not the primary Random baseline
fixed,868,0,10,0,0,0.0,0,AR0204SR_n05_low_001,5,low,868,868.0,868,sampled best-of-K diagnostic; not the primary Random baseline
spf,868,0,10,0,0,0.0,0,AR0204SR_n05_low_001,5,low,868,868.0,868,sampled best-of-K diagnostic; not the primary Random baseline
lpf,868,0,10,0,0,0.0,0,AR0204SR_n05_low_001,5,low,868,868.0,868,sampled best-of-K diagnostic; not the primary Random baseline
fixed,878,0,10,0,0,0.0,0,AR0204SR_n05_low_002,5,low,878,878.0,878,sampled best-of-K diagnostic; not the primary Random baseline
spf,878,0,10,0,0,0.0,0,AR0204SR_n05_low_002,5,low,878,878.0,878,sampled best-of-K diagnostic; not the primary Random baseline
lpf,878,0,10,0,0,0.0,0,AR0204SR_n05_low_002,5,low,878,878.0,878,sampled best-of-K diagnostic; not the primary Random baseline
fixed,1299,0,10,0,0,0.0,0,AR0204SR_n05_medium_000,5,medium,1299,1299.0,1299,sampled best-of-K diagnostic; not the primary Random baseline
spf,1299,0,10,0,0,0.0,0,AR0204SR_n05_medium_000,5,medium,1299,1299.0,1299,sampled best-of-K diagnostic; not the primary Random baseline
lpf,1299,0,10,0,0,0.0,0,AR0204SR_n05_medium_000,5,medium,1299,1299.0,1299,sampled best-of-K diagnostic; not the primary Random baseline
fixed,1291,0,10,0,0,0.0,0,AR0204SR_n05_medium_001,5,medium,1291,1291.0,1291,sampled best-of-K diagnostic; not the primary Random baseline
spf,1291,0,10,0,0,0.0,0,AR0204SR_n05_medium_001,5,medium,1291,1291.0,1291,sampled best-of-K diagnostic; not the primary Random baseline
lpf,1291,0,10,0,0,0.0,0,AR0204SR_n05_medium_001,5,medium,1291,1291.0,1291,sampled best-of-K diagnostic; not the primary Random baseline
fixed,1396,0,10,0,0,0.0,0,AR0204SR_n05_medium_002,5,medium,1396,1396.0,1396,sampled best-of-K diagnostic; not the primary Random baseline
spf,1396,0,10,0,0,0.0,0,AR0204SR_n05_medium_002,5,medium,1396,1396.0,1396,sampled best-of-K diagnostic; not the primary Random baseline
lpf,1396,0,10,0,0,0.0,0,AR0204SR_n05_medium_002,5,medium,1396,1396.0,1396,sampled best-of-K diagnostic; not the primary Random baseline
fixed,1263,0,10,0,0,0.0,0,AR0204SR_n05_high_000,5,high,1263,1263.0,1263,sampled best-of-K diagnostic; not the primary Random baseline
spf,1263,0,10,0,0,0.0,0,AR0204SR_n05_high_000,5,high,1263,1263.0,1263,sampled best-of-K diagnostic; not the primary Random baseline
lpf,1263,0,10,0,0,0.0,0,AR0204SR_n05_high_000,5,high,1263,1263.0,1263,sampled best-of-K diagnostic; not the primary Random baseline
fixed,1664,0,10,0,0,0.0,0,AR0204SR_n05_high_001,5,high,1664,1664.0,1664,sampled best-of-K diagnostic; not the primary Random baseline
spf,1664,0,10,0,0,0.0,0,AR0204SR_n05_high_001,5,high,1664,1664.0,1664,sampled best-of-K diagnostic; not the primary Random baseline
lpf,1664,0,10,0,0,0.0,0,AR0204SR_n05_high_001,5,high,1664,1664.0,1664,sampled best-of-K diagnostic; not the primary Random baseline
fixed,1670,4,6,0,0.7999999999999545,0.0,2,AR0204SR_n05_high_002,5,high,1669.2,1670.0,1668,sampled best-of-K diagnostic; not the primary Random baseline
spf,1670,4,6,0,0.7999999999999545,0.0,2,AR0204SR_n05_high_002,5,high,1669.2,1670.0,1668,sampled best-of-K diagnostic; not the primary Random baseline
lpf,1668,0,4,6,-1.2000000000000455,-2.0,0,AR0204SR_n05_high_002,5,high,1669.2,1670.0,1668,sampled best-of-K diagnostic; not the primary Random baseline
fixed,2594,0,10,0,0,0.0,0,AR0204SR_n10_low_000,10,low,2594,2594.0,2594,sampled best-of-K diagnostic; not the primary Random baseline
spf,2594,0,10,0,0,0.0,0,AR0204SR_n10_low_000,10,low,2594,2594.0,2594,sampled best-of-K diagnostic; not the primary Random baseline
lpf,2594,0,10,0,0,0.0,0,AR0204SR_n10_low_000,10,low,2594,2594.0,2594,sampled best-of-K diagnostic; not the primary Random baseline
fixed,2400,0,10,0,0,0.0,0,AR0204SR_n10_low_001,10,low,2400,2400.0,2400,sampled best-of-K diagnostic; not the primary Random baseline
spf,2400,0,10,0,0,0.0,0,AR0204SR_n10_low_001,10,low,2400,2400.0,2400,sampled best-of-K diagnostic; not the primary Random baseline
lpf,2400,0,10,0,0,0.0,0,AR0204SR_n10_low_001,10,low,2400,2400.0,2400,sampled best-of-K diagnostic; not the primary Random baseline
fixed,1862,0,10,0,0,0.0,0,AR0204SR_n10_low_002,10,low,1862,1862.0,1862,sampled best-of-K diagnostic; not the primary Random baseline
spf,1862,0,10,0,0,0.0,0,AR0204SR_n10_low_002,10,low,1862,1862.0,1862,sampled best-of-K diagnostic; not the primary Random baseline
lpf,1862,0,10,0,0,0.0,0,AR0204SR_n10_low_002,10,low,1862,1862.0,1862,sampled best-of-K diagnostic; not the primary Random baseline
fixed,2935,4,6,0,55.19999999999982,0.0,138,AR0204SR_n10_medium_000,10,medium,2879.8,2935.0,2797,sampled best-of-K diagnostic; not the primary Random baseline
spf,2797,0,4,6,-82.80000000000018,-138.0,0,AR0204SR_n10_medium_000,10,medium,2879.8,2935.0,2797,sampled best-of-K diagnostic; not the primary Random baseline
lpf,2935,4,6,0,55.19999999999982,0.0,138,AR0204SR_n10_medium_000,10,medium,2879.8,2935.0,2797,sampled best-of-K diagnostic; not the primary Random baseline
fixed,2567,0,10,0,0,0.0,0,AR0204SR_n10_medium_001,10,medium,2567,2567.0,2567,sampled best-of-K diagnostic; not the primary Random baseline
spf,2567,0,10,0,0,0.0,0,AR0204SR_n10_medium_001,10,medium,2567,2567.0,2567,sampled best-of-K diagnostic; not the primary Random baseline
lpf,2567,0,10,0,0,0.0,0,AR0204SR_n10_medium_001,10,medium,2567,2567.0,2567,sampled best-of-K diagnostic; not the primary Random baseline
fixed,1960,0,10,0,0,0.0,0,AR0204SR_n10_medium_002,10,medium,1960,1960.0,1960,sampled best-of-K diagnostic; not the primary Random baseline
spf,1960,0,10,0,0,0.0,0,AR0204SR_n10_medium_002,10,medium,1960,1960.0,1960,sampled best-of-K diagnostic; not the primary Random baseline
lpf,1960,0,10,0,0,0.0,0,AR0204SR_n10_medium_002,10,medium,1960,1960.0,1960,sampled best-of-K diagnostic; not the primary Random baseline
fixed,2509,8,0,2,2.599999999999909,16.0,24,AR0204SR_n10_high_000,10,high,2506.4,2493.0,2485,sampled best-of-K diagnostic; not the primary Random baseline
spf,2487,1,2,7,-19.40000000000009,-6.0,2,AR0204SR_n10_high_000,10,high,2506.4,2493.0,2485,sampled best-of-K diagnostic; not the primary Random baseline
lpf,2564,8,2,0,57.59999999999991,71.0,79,AR0204SR_n10_high_000,10,high,2506.4,2493.0,2485,sampled best-of-K diagnostic; not the primary Random baseline
fixed,3183,8,2,0,133,221.0,221,AR0204SR_n10_high_001,10,high,3050,2962.0,2962,sampled best-of-K diagnostic; not the primary Random baseline
spf,2962,0,6,4,-88,0.0,0,AR0204SR_n10_high_001,10,high,3050,2962.0,2962,sampled best-of-K diagnostic; not the primary Random baseline
lpf,3181,6,2,2,131,219.0,219,AR0204SR_n10_high_001,10,high,3050,2962.0,2962,sampled best-of-K diagnostic; not the primary Random baseline
fixed,3415,0,7,3,-12.900000000000091,0.0,0,AR0204SR_n10_high_002,10,high,3427.9,3415.0,3415,sampled best-of-K diagnostic; not the primary Random baseline
spf,3415,0,7,3,-12.900000000000091,0.0,0,AR0204SR_n10_high_002,10,high,3427.9,3415.0,3415,sampled best-of-K diagnostic; not the primary Random baseline
lpf,3458,7,3,0,30.09999999999991,43.0,43,AR0204SR_n10_high_002,10,high,3427.9,3415.0,3415,sampled best-of-K diagnostic; not the primary Random baseline
fixed,5607,0,10,0,0,0.0,0,AR0204SR_n20_low_000,20,low,5607,5607.0,5607,sampled best-of-K diagnostic; not the primary Random baseline
spf,5607,0,10,0,0,0.0,0,AR0204SR_n20_low_000,20,low,5607,5607.0,5607,sampled best-of-K diagnostic; not the primary Random baseline
lpf,5607,0,10,0,0,0.0,0,AR0204SR_n20_low_000,20,low,5607,5607.0,5607,sampled best-of-K diagnostic; not the primary Random baseline
fixed,5969,0,10,0,0,0.0,0,AR0204SR_n20_low_001,20,low,5969,5969.0,5969,sampled best-of-K diagnostic; not the primary Random baseline
spf,5969,0,10,0,0,0.0,0,AR0204SR_n20_low_001,20,low,5969,5969.0,5969,sampled best-of-K diagnostic; not the primary Random baseline
lpf,5969,0,10,0,0,0.0,0,AR0204SR_n20_low_001,20,low,5969,5969.0,5969,sampled best-of-K diagnostic; not the primary Random baseline
fixed,4726,0,10,0,0,0.0,0,AR0204SR_n20_low_002,20,low,4726,4726.0,4726,sampled best-of-K diagnostic; not the primary Random baseline
spf,4726,0,10,0,0,0.0,0,AR0204SR_n20_low_002,20,low,4726,4726.0,4726,sampled best-of-K diagnostic; not the primary Random baseline
lpf,4726,0,10,0,0,0.0,0,AR0204SR_n20_low_002,20,low,4726,4726.0,4726,sampled best-of-K diagnostic; not the primary Random baseline
fixed,5192,4,6,0,0.8000000000001819,0.0,2,AR0204SR_n20_medium_000,20,medium,5191.2,5192.0,5190,sampled best-of-K diagnostic; not the primary Random baseline
spf,5192,4,6,0,0.8000000000001819,0.0,2,AR0204SR_n20_medium_000,20,medium,5191.2,5192.0,5190,sampled best-of-K diagnostic; not the primary Random baseline
lpf,5190,0,4,6,-1.199999999999818,-2.0,0,AR0204SR_n20_medium_000,20,medium,5191.2,5192.0,5190,sampled best-of-K diagnostic; not the primary Random baseline
fixed,5428,0,10,0,0,0.0,0,AR0204SR_n20_medium_001,20,medium,5428,5428.0,5428,sampled best-of-K diagnostic; not the primary Random baseline
spf,5428,0,10,0,0,0.0,0,AR0204SR_n20_medium_001,20,medium,5428,5428.0,5428,sampled best-of-K diagnostic; not the primary Random baseline
lpf,5428,0,10,0,0,0.0,0,AR0204SR_n20_medium_001,20,medium,5428,5428.0,5428,sampled best-of-K diagnostic; not the primary Random baseline
fixed,5565,0,10,0,0,0.0,0,AR0204SR_n20_medium_002,20,medium,5565,5565.0,5565,sampled best-of-K diagnostic; not the primary Random baseline
spf,5565,0,10,0,0,0.0,0,AR0204SR_n20_medium_002,20,medium,5565,5565.0,5565,sampled best-of-K diagnostic; not the primary Random baseline
lpf,5565,0,10,0,0,0.0,0,AR0204SR_n20_medium_002,20,medium,5565,5565.0,5565,sampled best-of-K diagnostic; not the primary Random baseline
fixed,4918,0,10,0,0,0.0,0,AR0204SR_n20_high_000,20,high,4918,4918.0,4918,sampled best-of-K diagnostic; not the primary Random baseline
spf,4918,0,10,0,0,0.0,0,AR0204SR_n20_high_000,20,high,4918,4918.0,4918,sampled best-of-K diagnostic; not the primary Random baseline
lpf,4918,0,10,0,0,0.0,0,AR0204SR_n20_high_000,20,high,4918,4918.0,4918,sampled best-of-K diagnostic; not the primary Random baseline
fixed,5461,3,7,0,162,0.0,719,AR0204SR_n20_high_001,20,high,5299,5461.0,4742,sampled best-of-K diagnostic; not the primary Random baseline
spf,4742,0,1,9,-557,-719.0,0,AR0204SR_n20_high_001,20,high,5299,5461.0,4742,sampled best-of-K diagnostic; not the primary Random baseline
lpf,5461,3,7,0,162,0.0,719,AR0204SR_n20_high_001,20,high,5299,5461.0,4742,sampled best-of-K diagnostic; not the primary Random baseline
fixed,4829,0,10,0,0,0.0,0,AR0204SR_n20_high_002,20,high,4829,4829.0,4829,sampled best-of-K diagnostic; not the primary Random baseline
spf,4829,0,10,0,0,0.0,0,AR0204SR_n20_high_002,20,high,4829,4829.0,4829,sampled best-of-K diagnostic; not the primary Random baseline
lpf,4829,0,10,0,0,0.0,0,AR0204SR_n20_high_002,20,high,4829,4829.0,4829,sampled best-of-K diagnostic; not the primary Random baseline
