instance_id,agent_count,interaction_level,ordering_index,ordering_seed,agent_order,base_seed,success,termination_reason,execution_time_ms,soc,makespan,conflict_count,pp_low_level_searches,pp_agents_planned
AR0204SR_n05_high_000,5,high,0,6592750593812158745,"[2, 1, 4, 3, 0]",2026,True,success,3448.291499982588,1263,352,0,5,5
AR0204SR_n05_high_000,5,high,1,5166260277518696021,"[4, 2, 0, 3, 1]",2026,True,success,3424.620999954641,1263,352,0,5,5
AR0204SR_n05_high_000,5,high,2,820752908039190804,"[2, 4, 0, 1, 3]",2026,True,success,3558.284900034778,1263,352,0,5,5
AR0204SR_n05_high_000,5,high,3,9064567238751202078,"[2, 0, 1, 4, 3]",2026,True,success,3444.890800048597,1263,352,0,5,5
AR0204SR_n05_high_000,5,high,4,6176587948304255149,"[3, 4, 1, 2, 0]",2026,True,success,3361.9149000151083,1263,352,0,5,5
AR0204SR_n05_high_000,5,high,5,5698419546082830984,"[0, 1, 3, 4, 2]",2026,True,success,3377.0596000831574,1263,352,0,5,5
AR0204SR_n05_high_000,5,high,6,7423969470326417708,"[4, 2, 0, 1, 3]",2026,True,success,3547.49999998603,1263,352,0,5,5
AR0204SR_n05_high_000,5,high,7,6116383883742875649,"[1, 4, 2, 3, 0]",2026,True,success,3441.133000073023,1263,352,0,5,5
AR0204SR_n05_high_000,5,high,8,6795167421684340377,"[1, 3, 4, 2, 0]",2026,True,success,3351.0063000721857,1263,352,0,5,5
AR0204SR_n05_high_000,5,high,9,874358440445082218,"[0, 2, 3, 1, 4]",2026,True,success,3396.0932000773028,1263,352,0,5,5
AR0204SR_n05_high_001,5,high,0,3212126843172150665,"[2, 3, 0, 4, 1]",2026,True,success,12149.699000059627,1664,458,0,5,5
AR0204SR_n05_high_001,5,high,1,6083526165656575675,"[0, 1, 3, 4, 2]",2026,True,success,12090.827300096862,1664,458,0,5,5
AR0204SR_n05_high_001,5,high,2,8150574188957916288,"[3, 2, 0, 1, 4]",2026,True,success,12071.95810007397,1664,458,0,5,5
AR0204SR_n05_high_001,5,high,3,4150111773718333160,"[3, 4, 1, 0, 2]",2026,True,success,11934.123700018972,1664,458,0,5,5
AR0204SR_n05_high_001,5,high,4,5962269422452983820,"[2, 4, 1, 0, 3]",2026,True,success,12141.431100084446,1664,458,0,5,5
AR0204SR_n05_high_001,5,high,5,8273733450880568164,"[0, 2, 3, 1, 4]",2026,True,success,13156.616799999028,1664,458,0,5,5
AR0204SR_n05_high_001,5,high,6,8302007520677089907,"[2, 3, 1, 4, 0]",2026,True,success,12928.87659999542,1664,458,0,5,5
AR0204SR_n05_high_001,5,high,7,7068254070244641421,"[1, 0, 2, 3, 4]",2026,True,success,12227.361000026576,1664,458,0,5,5
AR0204SR_n05_high_001,5,high,8,3865621177576936111,"[0, 2, 3, 4, 1]",2026,True,success,12290.99069989752,1664,458,0,5,5
AR0204SR_n05_high_001,5,high,9,5163839103619324805,"[3, 0, 1, 2, 4]",2026,True,success,12443.519999971613,1664,458,0,5,5
AR0204SR_n05_high_002,5,high,0,9011156582013046760,"[2, 3, 1, 0, 4]",2026,True,success,2731.4982999814674,1668,406,0,5,5
AR0204SR_n05_high_002,5,high,1,4808291829778669978,"[2, 4, 1, 0, 3]",2026,True,success,2821.578900096938,1670,408,0,5,5
AR0204SR_n05_high_002,5,high,2,1382098905305156632,"[2, 1, 4, 3, 0]",2026,True,success,2847.0915000652894,1668,406,0,5,5
AR0204SR_n05_high_002,5,high,3,8903180836318589772,"[1, 4, 2, 3, 0]",2026,True,success,2726.9100999692455,1668,406,0,5,5
AR0204SR_n05_high_002,5,high,4,4442548489099844811,"[2, 0, 1, 3, 4]",2026,True,success,2834.284899989143,1670,408,0,5,5
AR0204SR_n05_high_002,5,high,5,2621859092489941791,"[0, 3, 4, 2, 1]",2026,True,success,2817.203399958089,1670,408,0,5,5
AR0204SR_n05_high_002,5,high,6,5448302298914672363,"[1, 4, 0, 3, 2]",2026,True,success,2865.583600010723,1670,408,0,5,5
AR0204SR_n05_high_002,5,high,7,4896397576043233179,"[0, 1, 3, 4, 2]",2026,True,success,2872.592799947597,1670,408,0,5,5
AR0204SR_n05_high_002,5,high,8,3698705063315205662,"[0, 3, 2, 4, 1]",2026,True,success,2935.3153000120074,1670,408,0,5,5
AR0204SR_n05_high_002,5,high,9,1782511031994161215,"[2, 3, 1, 4, 0]",2026,True,success,2727.102299919352,1668,406,0,5,5
AR0204SR_n05_low_000,5,low,0,1132531363946631429,"[1, 2, 0, 3, 4]",2026,True,success,7536.322999978438,1378,379,0,5,5
AR0204SR_n05_low_000,5,low,1,2679100963594668961,"[1, 0, 2, 4, 3]",2026,True,success,7532.554899924435,1378,379,0,5,5
AR0204SR_n05_low_000,5,low,2,2607909299313073575,"[1, 3, 2, 0, 4]",2026,True,success,7511.798599967733,1378,379,0,5,5
AR0204SR_n05_low_000,5,low,3,3660511230128493006,"[4, 1, 3, 0, 2]",2026,True,success,7526.86680003535,1378,379,0,5,5
AR0204SR_n05_low_000,5,low,4,5327203078189302198,"[1, 0, 3, 2, 4]",2026,True,success,7497.256500064395,1378,379,0,5,5
AR0204SR_n05_low_000,5,low,5,3627454517153715832,"[0, 2, 3, 4, 1]",2026,True,success,7508.887300034985,1378,379,0,5,5
AR0204SR_n05_low_000,5,low,6,149671483574370021,"[0, 3, 2, 4, 1]",2026,True,success,7494.083800003864,1378,379,0,5,5
AR0204SR_n05_low_000,5,low,7,3059064083126699929,"[0, 4, 3, 1, 2]",2026,True,success,7536.339599988423,1378,379,0,5,5
AR0204SR_n05_low_000,5,low,8,5509957855994173855,"[0, 2, 1, 4, 3]",2026,True,success,7526.891399989836,1378,379,0,5,5
AR0204SR_n05_low_000,5,low,9,2451139856524508762,"[2, 1, 3, 4, 0]",2026,True,success,7508.323499932885,1378,379,0,5,5
AR0204SR_n05_low_001,5,low,0,4215150692890604707,"[0, 1, 3, 2, 4]",2026,True,success,12945.423399913125,868,271,0,5,5
AR0204SR_n05_low_001,5,low,1,2404775509822022780,"[4, 0, 1, 3, 2]",2026,True,success,12967.850800021552,868,271,0,5,5
AR0204SR_n05_low_001,5,low,2,839533833057681458,"[2, 0, 4, 3, 1]",2026,True,success,12875.588699942455,868,271,0,5,5
AR0204SR_n05_low_001,5,low,3,4186751802603552083,"[4, 2, 1, 3, 0]",2026,True,success,12962.853800039738,868,271,0,5,5
AR0204SR_n05_low_001,5,low,4,4276850454561818605,"[1, 3, 4, 0, 2]",2026,True,success,13159.559200052172,868,271,0,5,5
AR0204SR_n05_low_001,5,low,5,6437026880248213121,"[1, 2, 0, 3, 4]",2026,True,success,12962.685599923134,868,271,0,5,5
AR0204SR_n05_low_001,5,low,6,8326253729775791456,"[0, 4, 3, 2, 1]",2026,True,success,12936.229499988258,868,271,0,5,5
AR0204SR_n05_low_001,5,low,7,2294150056590610180,"[2, 0, 4, 1, 3]",2026,True,success,13095.584299997427,868,271,0,5,5
AR0204SR_n05_low_001,5,low,8,7927618727732274234,"[0, 1, 2, 4, 3]",2026,True,success,13041.204999899492,868,271,0,5,5
AR0204SR_n05_low_001,5,low,9,5158469698956464832,"[2, 0, 3, 1, 4]",2026,True,success,12884.317800053395,868,271,0,5,5
AR0204SR_n05_low_002,5,low,0,767828636922487025,"[4, 0, 2, 1, 3]",2026,True,success,2024.5988999959081,878,320,0,5,5
AR0204SR_n05_low_002,5,low,1,5316126206419160573,"[4, 3, 0, 2, 1]",2026,True,success,2040.099799982272,878,320,0,5,5
AR0204SR_n05_low_002,5,low,2,784258625592214271,"[3, 1, 0, 4, 2]",2026,True,success,2055.529300007038,878,320,0,5,5
AR0204SR_n05_low_002,5,low,3,4010211933630893374,"[2, 1, 0, 3, 4]",2026,True,success,2043.3268999913707,878,320,0,5,5
AR0204SR_n05_low_002,5,low,4,267594706466875547,"[2, 1, 3, 0, 4]",2026,True,success,2043.2693999027833,878,320,0,5,5
AR0204SR_n05_low_002,5,low,5,3553411932905398659,"[2, 4, 3, 1, 0]",2026,True,success,2036.5949999541044,878,320,0,5,5
AR0204SR_n05_low_002,5,low,6,487380537052947774,"[1, 2, 3, 0, 4]",2026,True,success,2038.751299958676,878,320,0,5,5
AR0204SR_n05_low_002,5,low,7,4312733164384323758,"[0, 2, 4, 1, 3]",2026,True,success,2022.02929998748,878,320,0,5,5
AR0204SR_n05_low_002,5,low,8,5011599119208779042,"[1, 4, 3, 0, 2]",2026,True,success,2029.0608999785036,878,320,0,5,5
AR0204SR_n05_low_002,5,low,9,8730555047327470697,"[3, 0, 2, 4, 1]",2026,True,success,2040.8106999238953,878,320,0,5,5
AR0204SR_n05_medium_000,5,medium,0,7565133275889411431,"[1, 4, 3, 2, 0]",2026,True,success,3694.5041000144556,1299,398,0,5,5
AR0204SR_n05_medium_000,5,medium,1,5252745290928760071,"[4, 1, 0, 2, 3]",2026,True,success,3716.0515999421477,1299,398,0,5,5
AR0204SR_n05_medium_000,5,medium,2,357517596129795512,"[4, 2, 1, 0, 3]",2026,True,success,3703.5436000442132,1299,398,0,5,5
AR0204SR_n05_medium_000,5,medium,3,1200023319688261262,"[0, 4, 1, 2, 3]",2026,True,success,3715.86760005448,1299,398,0,5,5
AR0204SR_n05_medium_000,5,medium,4,781043131028153780,"[0, 3, 4, 2, 1]",2026,True,success,3727.294099982828,1299,398,0,5,5
AR0204SR_n05_medium_000,5,medium,5,1135178437234114966,"[4, 1, 2, 0, 3]",2026,True,success,3682.3260000674054,1299,398,0,5,5
AR0204SR_n05_medium_000,5,medium,6,2285082079973335642,"[0, 2, 3, 4, 1]",2026,True,success,3693.558899918571,1299,398,0,5,5
AR0204SR_n05_medium_000,5,medium,7,50620856697471971,"[2, 4, 1, 0, 3]",2026,True,success,3691.54739996884,1299,398,0,5,5
AR0204SR_n05_medium_000,5,medium,8,3932184729019205684,"[4, 2, 1, 3, 0]",2026,True,success,3681.9072999060154,1299,398,0,5,5
AR0204SR_n05_medium_000,5,medium,9,5737940366043084179,"[4, 2, 0, 1, 3]",2026,True,success,3693.872799980454,1299,398,0,5,5
AR0204SR_n05_medium_001,5,medium,0,2167407078415561717,"[0, 3, 2, 1, 4]",2026,True,success,9263.216500054114,1291,333,0,5,5
AR0204SR_n05_medium_001,5,medium,1,1393330978541522288,"[1, 2, 4, 0, 3]",2026,True,success,9204.310900066048,1291,333,0,5,5
AR0204SR_n05_medium_001,5,medium,2,3524742052754149521,"[0, 1, 2, 4, 3]",2026,True,success,9233.380599995144,1291,333,0,5,5
AR0204SR_n05_medium_001,5,medium,3,3397010806482081681,"[0, 2, 4, 3, 1]",2026,True,success,9316.335699986666,1291,333,0,5,5
AR0204SR_n05_medium_001,5,medium,4,1432188511358020874,"[2, 0, 4, 3, 1]",2026,True,success,9301.169999991544,1291,333,0,5,5
AR0204SR_n05_medium_001,5,medium,5,5920650624895643230,"[1, 3, 0, 2, 4]",2026,True,success,9195.134400040843,1291,333,0,5,5
AR0204SR_n05_medium_001,5,medium,6,1390007092415792918,"[1, 4, 3, 2, 0]",2026,True,success,9160.808200016618,1291,333,0,5,5
AR0204SR_n05_medium_001,5,medium,7,7293710757989010159,"[0, 3, 4, 1, 2]",2026,True,success,9225.90159997344,1291,333,0,5,5
AR0204SR_n05_medium_001,5,medium,8,4191744238697488960,"[4, 3, 2, 1, 0]",2026,True,success,9282.138800015673,1291,333,0,5,5
AR0204SR_n05_medium_001,5,medium,9,1723525092064453975,"[2, 1, 4, 3, 0]",2026,True,success,9299.87930005882,1291,333,0,5,5
AR0204SR_n05_medium_002,5,medium,0,7164365383560930746,"[0, 2, 3, 4, 1]",2026,True,success,27348.454499966465,1396,490,0,5,5
AR0204SR_n05_medium_002,5,medium,1,1686793933037358491,"[0, 2, 4, 1, 3]",2026,True,success,27042.37780009862,1396,490,0,5,5
AR0204SR_n05_medium_002,5,medium,2,8401336757262637587,"[3, 0, 1, 4, 2]",2026,True,success,27457.8927999828,1396,490,0,5,5
AR0204SR_n05_medium_002,5,medium,3,6986321564134274952,"[0, 3, 2, 1, 4]",2026,True,success,27305.204199976288,1396,490,0,5,5
AR0204SR_n05_medium_002,5,medium,4,1816993735905169765,"[0, 3, 4, 1, 2]",2026,True,success,27355.532599962316,1396,490,0,5,5
AR0204SR_n05_medium_002,5,medium,5,958960071712274311,"[3, 0, 2, 1, 4]",2026,True,success,27581.46300003864,1396,490,0,5,5
AR0204SR_n05_medium_002,5,medium,6,9006249785227451747,"[4, 2, 0, 1, 3]",2026,True,success,27134.164600051008,1396,490,0,5,5
AR0204SR_n05_medium_002,5,medium,7,5290353115047676998,"[1, 2, 3, 4, 0]",2026,True,success,27189.825300010853,1396,490,0,5,5
AR0204SR_n05_medium_002,5,medium,8,1964425724183952944,"[3, 4, 0, 2, 1]",2026,True,success,28191.557600046508,1396,490,0,5,5
AR0204SR_n05_medium_002,5,medium,9,8109453378683854877,"[1, 3, 2, 0, 4]",2026,True,success,27110.789700062014,1396,490,0,5,5
AR0204SR_n10_high_000,10,high,0,529438312487824527,"[6, 8, 3, 1, 4, 7, 2, 0, 5, 9]",2026,True,success,18637.799800024368,2487,511,0,10,10
AR0204SR_n10_high_000,10,high,1,5411860443589598686,"[2, 1, 5, 8, 3, 4, 9, 0, 6, 7]",2026,True,success,19216.859100037254,2495,511,0,10,10
AR0204SR_n10_high_000,10,high,2,7566178688456983869,"[9, 6, 4, 5, 7, 0, 3, 8, 1, 2]",2026,True,success,19030.015300028026,2499,511,0,10,10
AR0204SR_n10_high_000,10,high,3,4731263973918940257,"[7, 1, 4, 0, 2, 9, 3, 6, 5, 8]",2026,True,success,25822.20899988897,2564,511,0,10,10
AR0204SR_n10_high_000,10,high,4,6376007857663360106,"[2, 8, 4, 6, 7, 5, 3, 1, 9, 0]",2026,True,success,18526.63389989175,2485,511,0,10,10
AR0204SR_n10_high_000,10,high,5,3725448591340334285,"[3, 6, 5, 8, 1, 9, 2, 4, 7, 0]",2026,True,success,18920.68520002067,2491,511,0,10,10
AR0204SR_n10_high_000,10,high,6,6468898038741747129,"[8, 9, 3, 5, 2, 4, 6, 7, 1, 0]",2026,True,success,18763.974800007418,2491,511,0,10,10
AR0204SR_n10_high_000,10,high,7,3842593922603899862,"[0, 6, 9, 1, 2, 4, 7, 5, 8, 3]",2026,True,success,19229.524499969557,2501,511,0,10,10
AR0204SR_n10_high_000,10,high,8,9108044012477726634,"[8, 0, 4, 6, 1, 2, 3, 5, 7, 9]",2026,True,success,18882.996100001037,2487,511,0,10,10
AR0204SR_n10_high_000,10,high,9,7047337682432801904,"[2, 4, 7, 1, 9, 3, 0, 5, 8, 6]",2026,True,success,25889.831600012258,2564,511,0,10,10
AR0204SR_n10_high_001,10,high,0,8309960505080262200,"[2, 5, 3, 1, 7, 6, 0, 8, 9, 4]",2026,True,success,37985.900999978185,2962,512,0,10,10
AR0204SR_n10_high_001,10,high,1,8991773094161475169,"[5, 4, 3, 9, 8, 1, 6, 2, 0, 7]",2026,True,success,37664.46629993152,2962,512,0,10,10
AR0204SR_n10_high_001,10,high,2,407372888331765169,"[9, 7, 3, 8, 4, 5, 0, 6, 1, 2]",2026,True,success,60371.66609999258,3181,512,0,10,10
AR0204SR_n10_high_001,10,high,3,8425956514445438264,"[7, 9, 5, 1, 4, 8, 2, 3, 0, 6]",2026,True,success,38196.781100006774,2962,512,0,10,10
AR0204SR_n10_high_001,10,high,4,134353405668967544,"[2, 9, 1, 5, 4, 0, 7, 6, 3, 8]",2026,True,success,38122.868399950676,2962,512,0,10,10
AR0204SR_n10_high_001,10,high,5,595690890441030695,"[1, 2, 4, 5, 3, 6, 7, 0, 9, 8]",2026,True,success,60915.61439994257,3183,512,0,10,10
AR0204SR_n10_high_001,10,high,6,3252977626735943818,"[2, 8, 7, 0, 3, 4, 1, 6, 9, 5]",2026,True,success,59108.12430002261,3183,512,0,10,10
AR0204SR_n10_high_001,10,high,7,3314944085477255199,"[3, 6, 5, 4, 8, 1, 9, 0, 2, 7]",2026,True,success,36266.537499963306,2962,512,0,10,10
AR0204SR_n10_high_001,10,high,8,4259537848533300876,"[8, 3, 0, 6, 1, 9, 7, 4, 2, 5]",2026,True,success,57189.74439997692,3181,512,0,10,10
AR0204SR_n10_high_001,10,high,9,4595577709091493425,"[5, 1, 6, 7, 9, 3, 2, 4, 0, 8]",2026,True,success,36481.44989996217,2962,512,0,10,10
AR0204SR_n10_high_002,10,high,0,4078087989167079265,"[5, 3, 0, 1, 9, 8, 7, 2, 6, 4]",2026,True,success,32085.982499993406,3415,481,0,10,10
AR0204SR_n10_high_002,10,high,1,2728089441394480532,"[6, 0, 2, 7, 1, 5, 8, 9, 4, 3]",2026,True,success,31888.47609993536,3415,481,0,10,10
AR0204SR_n10_high_002,10,high,2,409365767828264103,"[6, 1, 2, 0, 5, 8, 3, 9, 7, 4]",2026,True,success,32032.686399994418,3415,481,0,10,10
AR0204SR_n10_high_002,10,high,3,7858021299114259976,"[4, 7, 5, 1, 3, 6, 9, 8, 2, 0]",2026,True,success,33133.20370006841,3458,481,0,10,10
AR0204SR_n10_high_002,10,high,4,7164471829929971519,"[3, 0, 2, 1, 5, 9, 8, 4, 7, 6]",2026,True,success,31872.260800097138,3415,481,0,10,10
AR0204SR_n10_high_002,10,high,5,4668749591950249364,"[3, 6, 8, 0, 1, 9, 4, 2, 7, 5]",2026,True,success,31878.68449999951,3415,481,0,10,10
AR0204SR_n10_high_002,10,high,6,6747824335207979117,"[3, 1, 9, 0, 8, 6, 4, 5, 7, 2]",2026,True,success,31957.84399996046,3415,481,0,10,10
AR0204SR_n10_high_002,10,high,7,615645169439026110,"[7, 3, 0, 5, 6, 1, 4, 9, 2, 8]",2026,True,success,32071.567800012417,3415,481,0,10,10
AR0204SR_n10_high_002,10,high,8,5750463563254784670,"[8, 2, 0, 9, 4, 1, 6, 7, 5, 3]",2026,True,success,33790.2233999921,3458,481,0,10,10
AR0204SR_n10_high_002,10,high,9,2086880961694945685,"[4, 5, 0, 9, 6, 8, 7, 3, 2, 1]",2026,True,success,33125.578699982725,3458,481,0,10,10
AR0204SR_n10_low_000,10,low,0,2725181950810151107,"[4, 0, 9, 7, 6, 3, 1, 8, 2, 5]",2026,True,success,25234.272000030614,2594,495,0,10,10
AR0204SR_n10_low_000,10,low,1,1567544306339797376,"[7, 4, 1, 2, 3, 5, 0, 8, 9, 6]",2026,True,success,25000.67380000837,2594,495,0,10,10
AR0204SR_n10_low_000,10,low,2,7864041012452903721,"[3, 1, 4, 8, 2, 6, 9, 7, 0, 5]",2026,True,success,25283.322900068015,2594,495,0,10,10
AR0204SR_n10_low_000,10,low,3,8839470204000464775,"[5, 6, 4, 9, 2, 3, 7, 0, 8, 1]",2026,True,success,25155.466299969703,2594,495,0,10,10
AR0204SR_n10_low_000,10,low,4,1110746906295434576,"[9, 2, 4, 6, 5, 0, 7, 1, 3, 8]",2026,True,success,25041.954900021665,2594,495,0,10,10
AR0204SR_n10_low_000,10,low,5,7627987380547538163,"[9, 6, 5, 2, 8, 7, 3, 0, 4, 1]",2026,True,success,25122.90839990601,2594,495,0,10,10
AR0204SR_n10_low_000,10,low,6,1026217722606604827,"[6, 4, 0, 9, 7, 5, 2, 3, 1, 8]",2026,True,success,24992.125599994324,2594,495,0,10,10
AR0204SR_n10_low_000,10,low,7,1118221346100409253,"[4, 5, 0, 2, 6, 1, 7, 8, 3, 9]",2026,True,success,25032.965200021863,2594,495,0,10,10
AR0204SR_n10_low_000,10,low,8,6209024213356672329,"[6, 2, 3, 1, 4, 9, 8, 7, 0, 5]",2026,True,success,25098.687899997458,2594,495,0,10,10
AR0204SR_n10_low_000,10,low,9,5624388218756058048,"[9, 6, 0, 5, 3, 1, 7, 4, 8, 2]",2026,True,success,26008.503600023687,2594,495,0,10,10
AR0204SR_n10_low_001,10,low,0,8231899373710610965,"[1, 6, 0, 7, 3, 2, 9, 4, 5, 8]",2026,True,success,31515.537800034508,2400,455,0,10,10
AR0204SR_n10_low_001,10,low,1,6287019066560021686,"[5, 0, 4, 6, 1, 2, 9, 7, 3, 8]",2026,True,success,31866.87080003321,2400,455,0,10,10
AR0204SR_n10_low_001,10,low,2,3658104165967652546,"[0, 3, 4, 8, 6, 9, 1, 7, 2, 5]",2026,True,success,31907.57919999305,2400,455,0,10,10
AR0204SR_n10_low_001,10,low,3,8921247423144259622,"[9, 0, 5, 7, 1, 3, 8, 4, 6, 2]",2026,True,success,30665.16800003592,2400,455,0,10,10
AR0204SR_n10_low_001,10,low,4,1863656883266132660,"[9, 2, 6, 1, 7, 5, 0, 3, 4, 8]",2026,True,success,29956.88350009732,2400,455,0,10,10
AR0204SR_n10_low_001,10,low,5,6222933290207717940,"[9, 5, 3, 7, 8, 0, 4, 2, 1, 6]",2026,True,success,29942.493300070055,2400,455,0,10,10
AR0204SR_n10_low_001,10,low,6,4808031074806071095,"[2, 8, 5, 1, 6, 7, 4, 3, 0, 9]",2026,True,success,30188.351400080137,2400,455,0,10,10
AR0204SR_n10_low_001,10,low,7,6836312811773799274,"[1, 6, 7, 4, 0, 8, 2, 3, 9, 5]",2026,True,success,30061.054299934767,2400,455,0,10,10
AR0204SR_n10_low_001,10,low,8,5753035817145632014,"[9, 8, 2, 3, 6, 7, 4, 1, 5, 0]",2026,True,success,30428.692499990575,2400,455,0,10,10
AR0204SR_n10_low_001,10,low,9,570006073333693974,"[1, 2, 6, 3, 8, 4, 5, 0, 9, 7]",2026,True,success,29877.790799946524,2400,455,0,10,10
AR0204SR_n10_low_002,10,low,0,1099979987737780372,"[6, 4, 9, 3, 1, 7, 5, 0, 2, 8]",2026,True,success,3881.5400999737903,1862,343,0,10,10
AR0204SR_n10_low_002,10,low,1,4870353279026485069,"[5, 8, 7, 3, 9, 2, 6, 0, 4, 1]",2026,True,success,3924.907200038433,1862,343,0,10,10
AR0204SR_n10_low_002,10,low,2,6235858400894082164,"[0, 7, 8, 3, 6, 5, 9, 2, 1, 4]",2026,True,success,3853.7473999895155,1862,343,0,10,10
AR0204SR_n10_low_002,10,low,3,8541795626464932863,"[0, 5, 8, 4, 2, 1, 9, 3, 7, 6]",2026,True,success,3865.479600033723,1862,343,0,10,10
AR0204SR_n10_low_002,10,low,4,7964760372714379585,"[0, 1, 3, 6, 7, 8, 4, 9, 5, 2]",2026,True,success,3926.5577000332996,1862,343,0,10,10
AR0204SR_n10_low_002,10,low,5,291142477926301190,"[5, 1, 4, 2, 3, 8, 9, 0, 7, 6]",2026,True,success,3855.1862000022084,1862,343,0,10,10
AR0204SR_n10_low_002,10,low,6,6375818462005353205,"[5, 7, 9, 4, 0, 8, 1, 2, 3, 6]",2026,True,success,3841.290900018066,1862,343,0,10,10
AR0204SR_n10_low_002,10,low,7,7104543644235513433,"[4, 1, 3, 2, 9, 5, 0, 6, 8, 7]",2026,True,success,3854.0536999935284,1862,343,0,10,10
AR0204SR_n10_low_002,10,low,8,5469594892521678783,"[1, 6, 5, 4, 8, 0, 3, 2, 7, 9]",2026,True,success,3868.334800004959,1862,343,0,10,10
AR0204SR_n10_low_002,10,low,9,3085082037215855784,"[5, 1, 6, 0, 7, 8, 3, 4, 2, 9]",2026,True,success,3890.3675000183284,1862,343,0,10,10
AR0204SR_n10_medium_000,10,medium,0,5561392639460874388,"[7, 9, 8, 0, 6, 3, 2, 1, 5, 4]",2026,True,success,79001.77780003287,2935,497,0,10,10
AR0204SR_n10_medium_000,10,medium,1,5212844660320137674,"[9, 6, 8, 4, 7, 1, 5, 2, 0, 3]",2026,True,success,55914.97619997244,2797,497,0,10,10
AR0204SR_n10_medium_000,10,medium,2,8678588693523488010,"[0, 8, 9, 4, 2, 7, 3, 5, 6, 1]",2026,True,success,78954.36159998644,2935,497,0,10,10
AR0204SR_n10_medium_000,10,medium,3,2589717252742334940,"[1, 7, 6, 9, 8, 0, 3, 2, 4, 5]",2026,True,success,79962.36840006895,2935,497,0,10,10
AR0204SR_n10_medium_000,10,medium,4,3052361506312478664,"[8, 3, 4, 7, 1, 9, 2, 5, 0, 6]",2026,True,success,58987.99090005923,2797,497,0,10,10
AR0204SR_n10_medium_000,10,medium,5,8972731538856109815,"[1, 9, 7, 8, 2, 3, 6, 5, 0, 4]",2026,True,success,81295.71079998277,2935,497,0,10,10
AR0204SR_n10_medium_000,10,medium,6,7512946296126628866,"[2, 3, 8, 9, 5, 0, 4, 6, 7, 1]",2026,True,success,79417.68770001363,2935,497,0,10,10
AR0204SR_n10_medium_000,10,medium,7,4200865915526391059,"[4, 9, 2, 7, 0, 6, 1, 3, 5, 8]",2026,True,success,56402.417100034654,2797,497,0,10,10
AR0204SR_n10_medium_000,10,medium,8,7590149449368225787,"[2, 0, 1, 7, 5, 8, 4, 3, 6, 9]",2026,True,success,78842.90100005455,2935,497,0,10,10
AR0204SR_n10_medium_000,10,medium,9,365627426863887340,"[3, 1, 8, 5, 9, 6, 4, 2, 0, 7]",2026,True,success,56063.22669994552,2797,497,0,10,10
AR0204SR_n10_medium_001,10,medium,0,4553083564878407808,"[1, 6, 3, 0, 8, 9, 7, 4, 5, 2]",2026,True,success,29818.959400057793,2567,505,0,10,10
AR0204SR_n10_medium_001,10,medium,1,8615823540895237915,"[6, 0, 2, 8, 5, 9, 4, 1, 3, 7]",2026,True,success,29915.85800005123,2567,505,0,10,10
AR0204SR_n10_medium_001,10,medium,2,513531771858069941,"[4, 9, 5, 7, 0, 2, 6, 8, 1, 3]",2026,True,success,29897.37140003126,2567,505,0,10,10
AR0204SR_n10_medium_001,10,medium,3,7936379045039598461,"[7, 4, 0, 8, 3, 6, 1, 2, 9, 5]",2026,True,success,29938.753299997188,2567,505,0,10,10
AR0204SR_n10_medium_001,10,medium,4,2149819769323602916,"[0, 7, 4, 9, 3, 5, 2, 6, 1, 8]",2026,True,success,29568.95910005551,2567,505,0,10,10
AR0204SR_n10_medium_001,10,medium,5,6005410425560293010,"[4, 7, 6, 5, 1, 9, 8, 2, 0, 3]",2026,True,success,29837.2997000115,2567,505,0,10,10
AR0204SR_n10_medium_001,10,medium,6,4757612758655737057,"[5, 1, 3, 9, 8, 4, 0, 6, 7, 2]",2026,True,success,29769.293699995615,2567,505,0,10,10
AR0204SR_n10_medium_001,10,medium,7,8260116251993572673,"[5, 4, 8, 6, 9, 3, 0, 7, 1, 2]",2026,True,success,29844.93250004016,2567,505,0,10,10
AR0204SR_n10_medium_001,10,medium,8,517814436488807731,"[6, 4, 7, 5, 1, 8, 0, 3, 9, 2]",2026,True,success,29877.23660003394,2567,505,0,10,10
AR0204SR_n10_medium_001,10,medium,9,547228230284421591,"[6, 5, 7, 8, 3, 1, 2, 4, 9, 0]",2026,True,success,30234.92489999626,2567,505,0,10,10
AR0204SR_n10_medium_002,10,medium,0,8074355470189119866,"[0, 2, 3, 6, 9, 5, 8, 7, 4, 1]",2026,True,success,6102.439999929629,1960,441,0,10,10
AR0204SR_n10_medium_002,10,medium,1,4146471058677857109,"[6, 2, 5, 0, 9, 4, 1, 8, 7, 3]",2026,True,success,6037.443200009875,1960,441,0,10,10
AR0204SR_n10_medium_002,10,medium,2,4580546022023012423,"[9, 2, 7, 1, 3, 5, 6, 4, 8, 0]",2026,True,success,6068.42060002964,1960,441,0,10,10
AR0204SR_n10_medium_002,10,medium,3,4765100191164850642,"[8, 2, 0, 9, 4, 1, 3, 5, 7, 6]",2026,True,success,6102.726000011899,1960,441,0,10,10
AR0204SR_n10_medium_002,10,medium,4,8617956604135332765,"[6, 5, 9, 1, 2, 4, 0, 3, 8, 7]",2026,True,success,6056.271399953403,1960,441,0,10,10
AR0204SR_n10_medium_002,10,medium,5,7535000576191718801,"[2, 0, 8, 4, 1, 5, 9, 7, 6, 3]",2026,True,success,6227.7778999414295,1960,441,0,10,10
AR0204SR_n10_medium_002,10,medium,6,4285269668612102288,"[3, 0, 8, 2, 1, 5, 6, 7, 9, 4]",2026,True,success,6025.524899945594,1960,441,0,10,10
AR0204SR_n10_medium_002,10,medium,7,2140970976611744703,"[0, 3, 5, 8, 2, 4, 9, 7, 1, 6]",2026,True,success,6031.339199980721,1960,441,0,10,10
AR0204SR_n10_medium_002,10,medium,8,6913245505027574121,"[5, 3, 6, 9, 8, 0, 1, 4, 2, 7]",2026,True,success,6103.705400018953,1960,441,0,10,10
AR0204SR_n10_medium_002,10,medium,9,9180451941368266437,"[7, 2, 0, 9, 6, 8, 3, 4, 5, 1]",2026,True,success,6035.2040999569,1960,441,0,10,10
AR0204SR_n20_high_000,20,high,0,4381013516120561168,"[12, 6, 1, 9, 3, 11, 2, 13, 7, 15, 0, 10, 5, 16, 8, 14, 18, 17, 4, 19]",2026,True,success,28712.204099982046,4918,455,0,20,20
AR0204SR_n20_high_000,20,high,1,2936246919387458647,"[16, 5, 18, 15, 3, 6, 13, 0, 1, 11, 4, 8, 9, 10, 19, 17, 14, 7, 2, 12]",2026,True,success,29083.388000028208,4918,455,0,20,20
AR0204SR_n20_high_000,20,high,2,4799920798433524311,"[11, 14, 4, 7, 9, 10, 15, 13, 5, 19, 0, 2, 3, 17, 18, 1, 8, 12, 16, 6]",2026,True,success,28976.60299995914,4918,455,0,20,20
AR0204SR_n20_high_000,20,high,3,2530409325424510374,"[19, 10, 8, 15, 6, 17, 9, 7, 13, 5, 14, 4, 11, 16, 2, 3, 0, 12, 1, 18]",2026,True,success,28991.23049993068,4918,455,0,20,20
AR0204SR_n20_high_000,20,high,4,8385857049092021316,"[17, 7, 1, 16, 14, 18, 5, 19, 3, 6, 2, 8, 4, 13, 0, 10, 15, 12, 11, 9]",2026,True,success,29100.203400012106,4918,455,0,20,20
AR0204SR_n20_high_000,20,high,5,4500783165891424519,"[5, 12, 6, 9, 1, 14, 13, 11, 0, 16, 10, 4, 19, 15, 7, 18, 2, 3, 17, 8]",2026,True,success,28963.122899993323,4918,455,0,20,20
AR0204SR_n20_high_000,20,high,6,1993373069116308124,"[13, 16, 10, 5, 17, 1, 3, 7, 12, 8, 4, 15, 2, 14, 6, 9, 0, 19, 11, 18]",2026,True,success,28805.72399997618,4918,455,0,20,20
AR0204SR_n20_high_000,20,high,7,5440292298728463711,"[12, 3, 2, 10, 11, 18, 13, 5, 0, 8, 15, 14, 4, 7, 1, 19, 9, 16, 6, 17]",2026,True,success,28927.601600065827,4918,455,0,20,20
AR0204SR_n20_high_000,20,high,8,4696596935107056738,"[19, 13, 16, 12, 9, 11, 6, 8, 18, 0, 2, 14, 5, 4, 15, 7, 1, 17, 3, 10]",2026,True,success,28906.36339993216,4918,455,0,20,20
AR0204SR_n20_high_000,20,high,9,6788537177100258894,"[16, 13, 17, 0, 7, 15, 14, 1, 4, 10, 9, 5, 18, 2, 3, 12, 19, 8, 6, 11]",2026,True,success,29079.38400004059,4918,455,0,20,20
AR0204SR_n20_high_001,20,high,0,1617264879063421984,"[0, 18, 7, 10, 12, 14, 4, 15, 19, 16, 6, 13, 17, 5, 1, 8, 11, 9, 2, 3]",2026,True,success,186751.61609996576,5461,490,0,20,20
AR0204SR_n20_high_001,20,high,1,3693990947901301703,"[17, 15, 14, 13, 1, 6, 8, 9, 5, 10, 7, 3, 18, 19, 4, 0, 16, 12, 2, 11]",2026,True,success,50681.94859998766,4803,490,0,20,20
AR0204SR_n20_high_001,20,high,2,4312076171517135350,"[13, 7, 10, 12, 2, 11, 17, 14, 19, 9, 5, 0, 16, 4, 8, 1, 15, 6, 18, 3]",2026,True,success,187553.90439997427,5461,490,0,20,20
AR0204SR_n20_high_001,20,high,3,4006467203687832836,"[9, 18, 14, 4, 7, 10, 3, 1, 12, 6, 17, 11, 5, 16, 19, 8, 13, 0, 15, 2]",2026,True,success,46911.311300005764,4742,490,0,20,20
AR0204SR_n20_high_001,20,high,4,7576605477450492141,"[0, 1, 7, 18, 8, 5, 13, 10, 3, 11, 17, 6, 9, 12, 16, 15, 4, 19, 14, 2]",2026,True,success,187830.3115000017,5461,490,0,20,20
AR0204SR_n20_high_001,20,high,5,3894766664988457228,"[0, 9, 5, 2, 15, 3, 11, 17, 4, 1, 12, 7, 19, 8, 6, 18, 13, 16, 10, 14]",2026,True,success,187101.84650006704,5461,490,0,20,20
AR0204SR_n20_high_001,20,high,6,8045219098640143189,"[5, 17, 7, 15, 16, 1, 0, 13, 8, 19, 9, 14, 18, 6, 3, 4, 11, 12, 2, 10]",2026,True,success,128686.7968000006,5218,490,0,20,20
AR0204SR_n20_high_001,20,high,7,1983843380637573352,"[5, 0, 14, 12, 9, 18, 4, 11, 2, 8, 7, 17, 3, 1, 6, 16, 19, 10, 13, 15]",2026,True,success,189814.03310003225,5461,490,0,20,20
AR0204SR_n20_high_001,20,high,8,1512693686979487886,"[19, 12, 16, 7, 5, 6, 2, 0, 8, 1, 3, 14, 17, 4, 18, 13, 10, 11, 9, 15]",2026,True,success,188639.56359995063,5461,490,0,20,20
AR0204SR_n20_high_001,20,high,9,6599308605269819478,"[12, 19, 14, 0, 6, 11, 5, 17, 10, 9, 4, 15, 13, 2, 3, 8, 1, 7, 16, 18]",2026,True,success,188447.40059995092,5461,490,0,20,20
AR0204SR_n20_high_002,20,high,0,96987052671999289,"[1, 7, 14, 8, 5, 18, 11, 6, 4, 3, 15, 10, 17, 0, 12, 13, 9, 2, 19, 16]",2026,True,success,64569.57930000499,4829,512,0,20,20
AR0204SR_n20_high_002,20,high,1,5414963028246636948,"[11, 9, 0, 1, 5, 6, 10, 4, 7, 14, 17, 8, 18, 12, 13, 3, 15, 16, 19, 2]",2026,True,success,65008.52879998274,4829,512,0,20,20
AR0204SR_n20_high_002,20,high,2,763928190420064486,"[3, 19, 16, 0, 18, 12, 11, 4, 5, 1, 7, 2, 17, 15, 13, 8, 14, 6, 9, 10]",2026,True,success,65396.444999962114,4829,512,0,20,20
AR0204SR_n20_high_002,20,high,3,3493775037243440771,"[1, 11, 0, 15, 18, 8, 4, 10, 3, 6, 14, 16, 17, 5, 9, 7, 13, 19, 12, 2]",2026,True,success,64527.4104999844,4829,512,0,20,20
AR0204SR_n20_high_002,20,high,4,8871615677411222552,"[10, 2, 3, 15, 14, 1, 9, 7, 6, 19, 11, 16, 4, 5, 17, 13, 12, 18, 8, 0]",2026,True,success,64716.932499897666,4829,512,0,20,20
AR0204SR_n20_high_002,20,high,5,4393060284068483074,"[4, 0, 10, 15, 3, 6, 5, 14, 7, 8, 12, 1, 16, 18, 17, 19, 9, 13, 11, 2]",2026,True,success,64452.645399956964,4829,512,0,20,20
AR0204SR_n20_high_002,20,high,6,8521890448092425554,"[15, 7, 4, 16, 8, 10, 17, 1, 2, 5, 19, 12, 13, 9, 0, 11, 14, 3, 18, 6]",2026,True,success,64187.99060001038,4829,512,0,20,20
AR0204SR_n20_high_002,20,high,7,2410865728965727727,"[9, 13, 19, 0, 6, 11, 5, 14, 8, 15, 18, 12, 17, 3, 7, 16, 2, 1, 10, 4]",2026,True,success,64133.357999962755,4829,512,0,20,20
AR0204SR_n20_high_002,20,high,8,8078172618285585035,"[19, 1, 6, 7, 0, 11, 18, 15, 5, 4, 9, 3, 12, 10, 2, 8, 13, 14, 17, 16]",2026,True,success,64281.85459994711,4829,512,0,20,20
AR0204SR_n20_high_002,20,high,9,4981203658867879531,"[19, 16, 4, 9, 5, 18, 11, 17, 15, 12, 13, 2, 14, 10, 0, 7, 6, 8, 3, 1]",2026,True,success,64181.84239999391,4829,512,0,20,20
AR0204SR_n20_low_000,20,low,0,3531205377058845345,"[17, 9, 11, 4, 15, 0, 12, 18, 16, 13, 3, 2, 1, 14, 10, 6, 5, 19, 8, 7]",2026,True,success,70537.79069997836,5607,511,0,20,20
AR0204SR_n20_low_000,20,low,1,5265449765452419341,"[13, 4, 2, 0, 10, 18, 16, 5, 17, 15, 9, 19, 7, 6, 14, 3, 1, 12, 8, 11]",2026,True,success,70650.60369996354,5607,511,0,20,20
AR0204SR_n20_low_000,20,low,2,6535188473210008392,"[6, 2, 0, 18, 5, 7, 1, 13, 15, 14, 19, 8, 12, 10, 16, 11, 9, 4, 17, 3]",2026,True,success,70210.21679998375,5607,511,0,20,20
AR0204SR_n20_low_000,20,low,3,1505652510522915186,"[16, 19, 11, 6, 17, 0, 1, 12, 8, 7, 9, 5, 10, 13, 15, 2, 4, 3, 18, 14]",2026,True,success,71003.80940001924,5607,511,0,20,20
AR0204SR_n20_low_000,20,low,4,4263951189328752712,"[18, 2, 6, 10, 4, 16, 8, 17, 7, 0, 5, 12, 19, 1, 15, 3, 11, 14, 9, 13]",2026,True,success,70509.12089995109,5607,511,0,20,20
AR0204SR_n20_low_000,20,low,5,2547686546383698587,"[14, 4, 6, 0, 12, 8, 1, 7, 13, 2, 15, 19, 16, 11, 10, 18, 5, 9, 17, 3]",2026,True,success,69983.1886999309,5607,511,0,20,20
AR0204SR_n20_low_000,20,low,6,8423125236674051426,"[8, 18, 4, 6, 0, 2, 11, 10, 9, 14, 7, 13, 5, 17, 3, 19, 12, 1, 15, 16]",2026,True,success,69644.47079994716,5607,511,0,20,20
AR0204SR_n20_low_000,20,low,7,4761153893332282759,"[8, 9, 10, 6, 0, 12, 17, 5, 19, 3, 2, 7, 16, 15, 4, 11, 13, 1, 14, 18]",2026,True,success,70243.0725999875,5607,511,0,20,20
AR0204SR_n20_low_000,20,low,8,3077384541878926882,"[18, 1, 6, 2, 3, 15, 17, 8, 4, 0, 9, 12, 7, 19, 14, 10, 5, 13, 11, 16]",2026,True,success,69961.79970004596,5607,511,0,20,20
AR0204SR_n20_low_000,20,low,9,5092401029691286264,"[8, 10, 6, 1, 18, 14, 12, 19, 15, 0, 11, 13, 7, 5, 9, 3, 2, 17, 16, 4]",2026,True,success,70345.60410003178,5607,511,0,20,20
AR0204SR_n20_low_001,20,low,0,2008838510721718556,"[4, 11, 2, 16, 18, 14, 10, 17, 0, 9, 19, 15, 6, 8, 1, 3, 7, 13, 12, 5]",2026,True,success,56876.36719993316,5969,511,0,20,20
AR0204SR_n20_low_001,20,low,1,5869493308996443919,"[1, 8, 17, 6, 9, 19, 12, 13, 14, 18, 15, 5, 16, 2, 0, 10, 4, 11, 3, 7]",2026,True,success,57221.189800067805,5969,511,0,20,20
AR0204SR_n20_low_001,20,low,2,7995505393295391891,"[13, 7, 17, 10, 15, 5, 8, 9, 14, 12, 0, 19, 2, 6, 3, 18, 16, 4, 11, 1]",2026,True,success,57484.34229998384,5969,511,0,20,20
AR0204SR_n20_low_001,20,low,3,2793091835564330231,"[18, 16, 1, 0, 9, 12, 8, 3, 10, 15, 4, 19, 17, 6, 11, 5, 7, 14, 2, 13]",2026,True,success,57244.486700044945,5969,511,0,20,20
AR0204SR_n20_low_001,20,low,4,6066905643484761153,"[0, 6, 1, 9, 8, 11, 16, 7, 10, 2, 19, 15, 17, 13, 5, 14, 4, 12, 3, 18]",2026,True,success,57458.502599969506,5969,511,0,20,20
AR0204SR_n20_low_001,20,low,5,1158737035728577233,"[8, 17, 6, 13, 12, 19, 18, 3, 14, 9, 10, 11, 1, 5, 4, 0, 7, 16, 15, 2]",2026,True,success,57217.10929996334,5969,511,0,20,20
AR0204SR_n20_low_001,20,low,6,6389995098999716457,"[1, 7, 14, 12, 11, 3, 17, 18, 9, 0, 5, 8, 2, 13, 19, 15, 10, 4, 6, 16]",2026,True,success,57095.86829994805,5969,511,0,20,20
AR0204SR_n20_low_001,20,low,7,8708512656654044352,"[13, 15, 1, 12, 18, 16, 10, 17, 3, 5, 8, 11, 6, 0, 9, 19, 7, 4, 14, 2]",2026,True,success,59352.03710000496,5969,511,0,20,20
AR0204SR_n20_low_001,20,low,8,1074369359481012781,"[10, 16, 0, 8, 13, 7, 5, 14, 17, 2, 9, 3, 6, 15, 11, 12, 4, 18, 19, 1]",2026,True,success,58336.029700003564,5969,511,0,20,20
AR0204SR_n20_low_001,20,low,9,6846930161292859178,"[7, 18, 17, 13, 14, 11, 5, 15, 10, 8, 9, 0, 3, 2, 19, 16, 12, 1, 4, 6]",2026,True,success,57916.97490005754,5969,511,0,20,20
AR0204SR_n20_low_002,20,low,0,4006839247330268656,"[17, 13, 18, 7, 3, 15, 10, 11, 8, 2, 4, 5, 16, 0, 14, 1, 12, 9, 6, 19]",2026,True,success,36107.00990003534,4726,489,0,20,20
AR0204SR_n20_low_002,20,low,1,3559366325689566510,"[7, 1, 4, 0, 5, 12, 14, 6, 18, 2, 3, 16, 10, 9, 19, 8, 15, 11, 13, 17]",2026,True,success,36081.90089999698,4726,489,0,20,20
AR0204SR_n20_low_002,20,low,2,796294035987160950,"[15, 0, 9, 12, 1, 7, 8, 18, 10, 3, 6, 14, 5, 11, 17, 4, 19, 2, 16, 13]",2026,True,success,36233.78130001947,4726,489,0,20,20
AR0204SR_n20_low_002,20,low,3,3140296757974393975,"[13, 15, 6, 19, 2, 0, 14, 8, 10, 9, 4, 1, 17, 7, 18, 3, 16, 12, 11, 5]",2026,True,success,35896.58739999868,4726,489,0,20,20
AR0204SR_n20_low_002,20,low,4,4258549259477293075,"[9, 15, 2, 11, 18, 1, 8, 6, 0, 10, 3, 14, 7, 4, 5, 12, 19, 13, 17, 16]",2026,True,success,36230.066400021315,4726,489,0,20,20
AR0204SR_n20_low_002,20,low,5,7875439230774920688,"[3, 18, 8, 15, 14, 16, 0, 17, 4, 5, 7, 10, 6, 1, 12, 9, 19, 11, 2, 13]",2026,True,success,36278.471800033,4726,489,0,20,20
AR0204SR_n20_low_002,20,low,6,6875196761990197902,"[6, 7, 8, 17, 11, 5, 4, 19, 14, 16, 3, 1, 2, 18, 9, 12, 0, 13, 10, 15]",2026,True,success,35908.0906000454,4726,489,0,20,20
AR0204SR_n20_low_002,20,low,7,8139428913595357168,"[6, 9, 2, 5, 7, 10, 14, 16, 4, 19, 11, 18, 15, 12, 13, 3, 0, 8, 1, 17]",2026,True,success,35974.89990002941,4726,489,0,20,20
AR0204SR_n20_low_002,20,low,8,5945810646242973134,"[16, 17, 6, 11, 14, 8, 7, 3, 13, 1, 12, 18, 2, 5, 10, 4, 0, 19, 9, 15]",2026,True,success,35845.992299960926,4726,489,0,20,20
AR0204SR_n20_low_002,20,low,9,1882101752426342449,"[14, 3, 16, 11, 1, 9, 0, 2, 18, 10, 5, 15, 4, 13, 19, 6, 17, 12, 7, 8]",2026,True,success,36050.78659998253,4726,489,0,20,20
AR0204SR_n20_medium_000,20,medium,0,8722412356095443280,"[11, 16, 19, 12, 1, 0, 7, 8, 15, 5, 18, 2, 13, 6, 14, 17, 9, 10, 4, 3]",2026,True,success,61126.85160001274,5192,498,0,20,20
AR0204SR_n20_medium_000,20,medium,1,2456997021833378568,"[13, 2, 18, 17, 1, 11, 5, 19, 6, 0, 4, 9, 8, 10, 14, 16, 7, 15, 12, 3]",2026,True,success,60490.414100000635,5190,498,0,20,20
AR0204SR_n20_medium_000,20,medium,2,9057933011616678915,"[7, 12, 1, 11, 18, 10, 14, 5, 13, 4, 15, 6, 8, 19, 0, 9, 2, 3, 17, 16]",2026,True,success,60765.70709992666,5192,498,0,20,20
AR0204SR_n20_medium_000,20,medium,3,6131509847978080114,"[11, 16, 1, 0, 6, 5, 13, 9, 2, 3, 10, 12, 17, 14, 18, 19, 4, 15, 8, 7]",2026,True,success,61051.79840000346,5192,498,0,20,20
AR0204SR_n20_medium_000,20,medium,4,3988179414805665171,"[12, 7, 17, 8, 6, 4, 13, 2, 10, 11, 15, 14, 16, 9, 19, 5, 1, 18, 3, 0]",2026,True,success,60408.1285999855,5190,498,0,20,20
AR0204SR_n20_medium_000,20,medium,5,8673959831039776569,"[5, 1, 8, 4, 17, 10, 16, 11, 18, 15, 19, 12, 6, 3, 14, 13, 2, 0, 7, 9]",2026,True,success,60661.73819999676,5192,498,0,20,20
AR0204SR_n20_medium_000,20,medium,6,3897504841738307932,"[19, 9, 17, 10, 13, 2, 3, 15, 18, 1, 12, 14, 0, 5, 7, 6, 8, 4, 11, 16]",2026,True,success,60885.87599992752,5190,498,0,20,20
AR0204SR_n20_medium_000,20,medium,7,4529356438589065670,"[16, 7, 9, 3, 11, 10, 6, 0, 4, 5, 18, 8, 17, 1, 12, 13, 15, 14, 19, 2]",2026,True,success,61229.705399950035,5192,498,0,20,20
AR0204SR_n20_medium_000,20,medium,8,6610888307952441397,"[11, 15, 13, 14, 3, 5, 17, 18, 9, 19, 8, 0, 2, 6, 7, 12, 10, 16, 4, 1]",2026,True,success,60571.36649999302,5190,498,0,20,20
AR0204SR_n20_medium_000,20,medium,9,5211242034191121001,"[3, 15, 6, 12, 17, 2, 4, 9, 14, 0, 16, 18, 11, 8, 10, 1, 5, 13, 19, 7]",2026,True,success,61256.490399944596,5192,498,0,20,20
AR0204SR_n20_medium_001,20,medium,0,5557683784525606495,"[13, 1, 4, 7, 19, 10, 15, 16, 14, 12, 9, 11, 18, 6, 5, 17, 8, 2, 0, 3]",2026,True,success,43346.497599966824,5428,509,0,20,20
AR0204SR_n20_medium_001,20,medium,1,1095359484493581493,"[1, 16, 13, 6, 15, 2, 9, 7, 0, 4, 17, 19, 3, 8, 11, 14, 10, 12, 5, 18]",2026,True,success,43529.89759994671,5428,509,0,20,20
AR0204SR_n20_medium_001,20,medium,2,8286530185478064728,"[2, 3, 9, 4, 10, 12, 5, 0, 11, 13, 15, 6, 16, 19, 1, 18, 14, 17, 7, 8]",2026,True,success,43377.54989997484,5428,509,0,20,20
AR0204SR_n20_medium_001,20,medium,3,5075910526723172737,"[11, 4, 14, 3, 15, 17, 9, 5, 8, 7, 1, 18, 13, 0, 2, 19, 16, 12, 10, 6]",2026,True,success,43563.85710008908,5428,509,0,20,20
AR0204SR_n20_medium_001,20,medium,4,8094225662158934613,"[13, 3, 1, 4, 9, 2, 7, 16, 14, 17, 18, 5, 15, 10, 11, 12, 0, 8, 6, 19]",2026,True,success,43508.47620004788,5428,509,0,20,20
AR0204SR_n20_medium_001,20,medium,5,6215981101404941042,"[13, 4, 14, 19, 6, 9, 3, 17, 8, 12, 18, 11, 0, 5, 10, 16, 15, 1, 7, 2]",2026,True,success,43556.40190001577,5428,509,0,20,20
AR0204SR_n20_medium_001,20,medium,6,3018822739418002477,"[2, 10, 1, 18, 15, 4, 8, 17, 11, 19, 14, 0, 5, 6, 13, 12, 3, 7, 16, 9]",2026,True,success,43524.08879995346,5428,509,0,20,20
AR0204SR_n20_medium_001,20,medium,7,1855579516287852609,"[1, 0, 14, 17, 5, 18, 2, 13, 11, 9, 6, 15, 7, 4, 16, 19, 3, 10, 8, 12]",2026,True,success,43497.88199993782,5428,509,0,20,20
AR0204SR_n20_medium_001,20,medium,8,1515129124763118915,"[15, 12, 10, 11, 7, 17, 5, 19, 2, 14, 9, 13, 18, 3, 8, 16, 0, 4, 6, 1]",2026,True,success,43527.230000006966,5428,509,0,20,20
AR0204SR_n20_medium_001,20,medium,9,435111380776600785,"[2, 0, 10, 4, 13, 1, 16, 17, 15, 7, 8, 6, 9, 12, 14, 5, 18, 19, 11, 3]",2026,True,success,43695.05229999777,5428,509,0,20,20
AR0204SR_n20_medium_002,20,medium,0,9136944106732819579,"[0, 8, 2, 9, 1, 15, 6, 18, 19, 16, 4, 3, 10, 5, 11, 12, 14, 13, 17, 7]",2026,True,success,85394.83260002453,5565,471,0,20,20
AR0204SR_n20_medium_002,20,medium,1,1768647186165066471,"[16, 12, 14, 8, 17, 6, 0, 4, 1, 5, 2, 3, 9, 13, 11, 10, 18, 19, 15, 7]",2026,True,success,85303.65290003829,5565,471,0,20,20
AR0204SR_n20_medium_002,20,medium,2,8689428922970655708,"[2, 8, 1, 10, 12, 7, 3, 6, 0, 19, 5, 13, 18, 15, 16, 17, 14, 11, 4, 9]",2026,True,success,84563.71200003196,5565,471,0,20,20
AR0204SR_n20_medium_002,20,medium,3,1597038927170409075,"[8, 0, 17, 10, 9, 13, 12, 3, 6, 5, 11, 4, 7, 2, 1, 16, 15, 14, 18, 19]",2026,True,success,84997.12239997461,5565,471,0,20,20
AR0204SR_n20_medium_002,20,medium,4,5158312662960883815,"[6, 5, 10, 3, 17, 15, 14, 9, 11, 13, 4, 0, 19, 2, 16, 8, 1, 18, 12, 7]",2026,True,success,85142.72860006895,5565,471,0,20,20
AR0204SR_n20_medium_002,20,medium,5,1134864833133892289,"[15, 4, 19, 8, 5, 7, 11, 10, 9, 18, 14, 17, 1, 12, 6, 0, 16, 13, 3, 2]",2026,True,success,85048.91380004119,5565,471,0,20,20
AR0204SR_n20_medium_002,20,medium,6,2451517896424588378,"[5, 13, 4, 11, 2, 16, 0, 17, 9, 12, 6, 1, 14, 19, 7, 15, 8, 3, 18, 10]",2026,True,success,85285.58210004121,5565,471,0,20,20
AR0204SR_n20_medium_002,20,medium,7,3761045419579894185,"[7, 18, 17, 16, 14, 0, 10, 11, 2, 13, 12, 1, 5, 9, 19, 15, 6, 8, 3, 4]",2026,True,success,86771.97470003739,5565,471,0,20,20
AR0204SR_n20_medium_002,20,medium,8,600153305179430632,"[16, 10, 18, 12, 11, 8, 17, 19, 7, 4, 13, 6, 14, 3, 15, 1, 2, 0, 9, 5]",2026,True,success,85534.2947000172,5565,471,0,20,20
AR0204SR_n20_medium_002,20,medium,9,2686877853649407942,"[5, 4, 19, 6, 12, 15, 3, 17, 2, 16, 18, 13, 7, 14, 1, 9, 8, 11, 10, 0]",2026,True,success,85420.09379994124,5565,471,0,20,20
