catalogue,instance_id,agent_count,interaction_level,spf_soc,spf_cd_soc,soc_equal,spf_makespan,spf_cd_makespan,makespan_equal,same_priority_order,spf_agent_order,spf_cd_original_index_order,instance_count,identical_soc,identical_makespan,identical_ordering,differing_ordering
primary,AR0204SR_n05_low_000,5,low,1378,1378,True,379,379,True,True,"[0, 3, 2, 4, 1]","[0, 3, 2, 4, 1]",,,,,
primary,AR0204SR_n05_low_001,5,low,868,868,True,271,271,True,True,"[0, 1, 3, 4, 2]","[0, 1, 3, 4, 2]",,,,,
primary,AR0204SR_n05_low_002,5,low,878,878,True,320,320,True,True,"[0, 3, 2, 1, 4]","[0, 3, 2, 1, 4]",,,,,
primary,AR0204SR_n05_medium_000,5,medium,1299,1299,True,398,398,True,True,"[1, 2, 3, 0, 4]","[1, 2, 3, 0, 4]",,,,,
primary,AR0204SR_n05_medium_001,5,medium,1291,1291,True,333,333,True,True,"[0, 3, 2, 4, 1]","[0, 3, 2, 4, 1]",,,,,
primary,AR0204SR_n05_medium_002,5,medium,1396,1396,True,490,490,True,True,"[3, 0, 4, 2, 1]","[3, 0, 4, 2, 1]",,,,,
primary,AR0204SR_n05_high_000,5,high,1263,1263,True,352,352,True,True,"[0, 2, 1, 3, 4]","[0, 2, 1, 3, 4]",,,,,
primary,AR0204SR_n05_high_001,5,high,1664,1664,True,458,458,True,True,"[0, 4, 1, 3, 2]","[0, 4, 1, 3, 2]",,,,,
primary,AR0204SR_n05_high_002,5,high,1670,1670,True,408,408,True,True,"[1, 4, 0, 2, 3]","[1, 4, 0, 2, 3]",,,,,
primary,AR0204SR_n10_low_000,10,low,2594,2594,True,495,495,True,True,"[3, 6, 8, 0, 7, 4, 2, 5, 9, 1]","[3, 6, 8, 0, 7, 4, 2, 5, 9, 1]",,,,,
primary,AR0204SR_n10_low_001,10,low,2400,2400,True,455,455,True,True,"[2, 7, 3, 0, 8, 9, 6, 5, 4, 1]","[2, 7, 3, 0, 8, 9, 6, 5, 4, 1]",,,,,
primary,AR0204SR_n10_low_002,10,low,1862,1862,True,343,343,True,True,"[2, 3, 0, 9, 5, 1, 6, 8, 7, 4]","[2, 3, 0, 9, 5, 1, 6, 8, 7, 4]",,,,,
primary,AR0204SR_n10_medium_000,10,medium,2797,2797,True,497,497,True,True,"[8, 2, 9, 7, 5, 4, 3, 6, 0, 1]","[8, 2, 9, 7, 5, 4, 3, 6, 0, 1]",,,,,
primary,AR0204SR_n10_medium_001,10,medium,2567,2567,True,505,505,True,True,"[1, 7, 5, 3, 2, 0, 6, 9, 4, 8]","[1, 7, 5, 3, 2, 0, 6, 9, 4, 8]",,,,,
primary,AR0204SR_n10_medium_002,10,medium,1960,1960,True,441,441,True,True,"[1, 2, 9, 7, 8, 5, 0, 4, 6, 3]","[1, 2, 9, 7, 8, 5, 0, 4, 6, 3]",,,,,
primary,AR0204SR_n10_high_000,10,high,2487,2487,True,511,511,True,True,"[9, 0, 8, 4, 6, 3, 1, 5, 2, 7]","[9, 0, 8, 4, 6, 3, 1, 5, 2, 7]",,,,,
primary,AR0204SR_n10_high_001,10,high,2962,2962,True,512,512,True,True,"[9, 5, 0, 1, 2, 8, 6, 4, 7, 3]","[9, 5, 0, 1, 2, 8, 6, 4, 7, 3]",,,,,
primary,AR0204SR_n10_high_002,10,high,3415,3415,True,481,481,True,True,"[1, 2, 9, 7, 8, 6, 4, 0, 5, 3]","[1, 2, 9, 7, 8, 6, 4, 0, 5, 3]",,,,,
primary,AR0204SR_n20_low_000,20,low,5607,5607,True,511,511,True,True,"[7, 15, 13, 9, 3, 2, 1, 19, 17, 12, 10, 4, 6, 16, 11, 0, 5, 8, 14, 18]","[7, 15, 13, 9, 3, 2, 1, 19, 17, 12, 10, 4, 6, 16, 11, 0, 5, 8, 14, 18]",,,,,
primary,AR0204SR_n20_low_001,20,low,5969,5969,True,511,511,True,True,"[19, 10, 15, 8, 0, 18, 1, 14, 5, 9, 13, 17, 3, 16, 6, 12, 4, 11, 7, 2]","[19, 10, 15, 8, 0, 18, 1, 14, 5, 9, 13, 17, 3, 16, 6, 12, 4, 11, 7, 2]",,,,,
primary,AR0204SR_n20_low_002,20,low,4726,4726,True,489,489,True,True,"[10, 15, 2, 8, 16, 18, 4, 11, 9, 1, 0, 19, 3, 13, 14, 7, 17, 5, 6, 12]","[10, 15, 2, 8, 16, 18, 4, 11, 9, 1, 0, 19, 3, 13, 14, 7, 17, 5, 6, 12]",,,,,
primary,AR0204SR_n20_medium_000,20,medium,5192,5192,True,498,498,True,True,"[14, 1, 7, 11, 5, 4, 19, 10, 6, 2, 8, 12, 3, 0, 9, 17, 16, 15, 13, 18]","[14, 1, 7, 11, 5, 4, 19, 10, 6, 2, 8, 12, 3, 0, 9, 17, 16, 15, 13, 18]",,,,,
primary,AR0204SR_n20_medium_001,20,medium,5428,5428,True,509,509,True,True,"[19, 11, 8, 18, 4, 9, 16, 10, 13, 17, 0, 1, 14, 12, 3, 6, 5, 7, 15, 2]","[19, 11, 8, 18, 4, 9, 16, 10, 13, 17, 0, 1, 14, 12, 3, 6, 5, 7, 15, 2]",,,,,
primary,AR0204SR_n20_medium_002,20,medium,5565,5565,True,471,471,True,True,"[15, 17, 7, 18, 3, 11, 8, 10, 16, 12, 2, 0, 9, 4, 1, 19, 6, 13, 14, 5]","[15, 17, 7, 18, 3, 11, 8, 10, 16, 12, 2, 0, 9, 4, 1, 19, 6, 13, 14, 5]",,,,,
primary,AR0204SR_n20_high_000,20,high,4918,4918,True,455,455,True,True,"[17, 8, 10, 6, 11, 18, 5, 3, 15, 1, 4, 14, 9, 0, 13, 2, 16, 19, 7, 12]","[17, 8, 10, 6, 11, 18, 5, 3, 15, 1, 4, 14, 9, 0, 13, 2, 16, 19, 7, 12]",,,,,
primary,AR0204SR_n20_high_001,20,high,4742,4742,True,490,490,True,True,"[18, 13, 2, 16, 19, 1, 17, 9, 8, 15, 4, 7, 5, 11, 3, 10, 6, 12, 0, 14]","[18, 13, 2, 16, 19, 1, 17, 9, 8, 15, 4, 7, 5, 11, 3, 10, 6, 12, 0, 14]",,,,,
primary,AR0204SR_n20_high_002,20,high,4829,4829,True,512,512,True,True,"[7, 12, 11, 17, 3, 0, 5, 14, 15, 19, 4, 13, 16, 9, 1, 2, 18, 10, 8, 6]","[7, 12, 11, 17, 3, 0, 5, 14, 15, 19, 4, 13, 16, 9, 1, 2, 18, 10, 8, 6]",,,,,
held_out,AR0204SR_HO_n05_low_000,5,low,1469,1469,True,393,393,True,True,"[1, 2, 3, 0, 4]","[1, 2, 3, 0, 4]",,,,,
held_out,AR0204SR_HO_n05_low_001,5,low,1710,1710,True,503,503,True,True,"[4, 3, 1, 0, 2]","[4, 3, 1, 0, 2]",,,,,
held_out,AR0204SR_HO_n05_low_002,5,low,1242,1242,True,363,363,True,True,"[3, 2, 1, 4, 0]","[3, 2, 1, 4, 0]",,,,,
held_out,AR0204SR_HO_n05_medium_000,5,medium,1343,1343,True,393,393,True,True,"[1, 0, 3, 4, 2]","[1, 0, 3, 4, 2]",,,,,
held_out,AR0204SR_HO_n05_medium_001,5,medium,1036,1036,True,462,462,True,True,"[3, 0, 4, 1, 2]","[3, 0, 4, 1, 2]",,,,,
held_out,AR0204SR_HO_n05_medium_002,5,medium,1579,1579,True,415,415,True,True,"[4, 3, 0, 1, 2]","[4, 3, 0, 1, 2]",,,,,
held_out,AR0204SR_HO_n05_high_000,5,high,1540,1540,True,509,509,True,True,"[4, 3, 2, 0, 1]","[4, 3, 2, 0, 1]",,,,,
held_out,AR0204SR_HO_n05_high_001,5,high,1699,1699,True,494,494,True,True,"[2, 3, 1, 0, 4]","[2, 3, 1, 0, 4]",,,,,
held_out,AR0204SR_HO_n05_high_002,5,high,1842,1842,True,470,470,True,True,"[3, 1, 4, 0, 2]","[3, 1, 4, 0, 2]",,,,,
held_out,AR0204SR_HO_n10_low_000,10,low,2810,2810,True,486,486,True,True,"[5, 9, 0, 6, 7, 2, 3, 4, 1, 8]","[5, 9, 0, 6, 7, 2, 3, 4, 1, 8]",,,,,
held_out,AR0204SR_HO_n10_low_001,10,low,3330,3330,True,462,462,True,True,"[5, 7, 4, 9, 2, 8, 0, 1, 6, 3]","[5, 7, 4, 9, 2, 8, 0, 1, 6, 3]",,,,,
held_out,AR0204SR_HO_n10_low_002,10,low,2831,2831,True,471,471,True,True,"[2, 0, 3, 5, 1, 4, 9, 6, 7, 8]","[2, 0, 3, 5, 1, 4, 9, 6, 7, 8]",,,,,
held_out,AR0204SR_HO_n10_medium_000,10,medium,2925,2925,True,509,509,True,True,"[3, 1, 5, 7, 8, 6, 9, 4, 2, 0]","[3, 1, 5, 7, 8, 6, 9, 4, 2, 0]",,,,,
held_out,AR0204SR_HO_n10_medium_001,10,medium,2546,2546,True,496,496,True,True,"[8, 4, 5, 9, 6, 2, 0, 7, 3, 1]","[8, 4, 5, 9, 6, 2, 0, 7, 3, 1]",,,,,
held_out,AR0204SR_HO_n10_medium_002,10,medium,3044,3044,True,462,462,True,True,"[7, 0, 2, 9, 3, 6, 5, 8, 4, 1]","[7, 0, 2, 9, 3, 6, 5, 8, 4, 1]",,,,,
held_out,AR0204SR_HO_n10_high_000,10,high,2522,2522,True,494,494,True,True,"[0, 2, 4, 6, 7, 1, 8, 9, 5, 3]","[0, 2, 4, 6, 7, 1, 8, 9, 5, 3]",,,,,
held_out,AR0204SR_HO_n10_high_001,10,high,2898,2898,True,471,471,True,True,"[8, 0, 2, 3, 6, 1, 7, 5, 4, 9]","[8, 0, 2, 3, 6, 1, 7, 5, 4, 9]",,,,,
held_out,AR0204SR_HO_n10_high_002,10,high,3249,3249,True,409,409,True,True,"[9, 4, 1, 2, 3, 8, 0, 6, 5, 7]","[9, 4, 1, 2, 3, 8, 0, 6, 5, 7]",,,,,
held_out,AR0204SR_HO_n20_low_000,20,low,6225,6225,True,504,504,True,True,"[17, 19, 14, 16, 5, 10, 9, 1, 15, 18, 6, 0, 12, 7, 4, 3, 8, 11, 2, 13]","[17, 19, 14, 16, 5, 10, 9, 1, 15, 18, 6, 0, 12, 7, 4, 3, 8, 11, 2, 13]",,,,,
held_out,AR0204SR_HO_n20_low_001,20,low,4901,4901,True,494,494,True,True,"[8, 2, 3, 11, 16, 4, 5, 18, 7, 6, 15, 12, 0, 1, 9, 10, 19, 17, 13, 14]","[8, 2, 3, 11, 16, 4, 5, 18, 7, 6, 15, 12, 0, 1, 9, 10, 19, 17, 13, 14]",,,,,
held_out,AR0204SR_HO_n20_low_002,20,low,5936,5936,True,505,505,True,True,"[16, 14, 10, 8, 13, 6, 17, 0, 11, 2, 19, 1, 18, 12, 9, 4, 3, 15, 5, 7]","[16, 14, 10, 8, 13, 6, 17, 0, 11, 2, 19, 1, 18, 12, 9, 4, 3, 15, 5, 7]",,,,,
held_out,AR0204SR_HO_n20_medium_000,20,medium,5107,5107,True,503,503,True,True,"[19, 15, 14, 11, 13, 7, 8, 10, 3, 6, 18, 1, 5, 9, 2, 0, 4, 16, 17, 12]","[19, 15, 14, 11, 13, 7, 8, 10, 3, 6, 18, 1, 5, 9, 2, 0, 4, 16, 17, 12]",,,,,
held_out,AR0204SR_HO_n20_medium_001,20,medium,4591,4591,True,509,509,True,True,"[12, 0, 14, 7, 15, 6, 2, 10, 19, 16, 13, 4, 5, 1, 3, 17, 8, 11, 9, 18]","[12, 0, 14, 7, 15, 6, 2, 10, 19, 16, 13, 4, 5, 1, 3, 17, 8, 11, 9, 18]",,,,,
held_out,AR0204SR_HO_n20_medium_002,20,medium,4824,4824,True,490,490,True,True,"[19, 16, 0, 5, 8, 18, 15, 7, 1, 3, 6, 10, 14, 9, 11, 13, 12, 4, 17, 2]","[19, 16, 0, 5, 8, 18, 15, 7, 1, 3, 6, 10, 14, 9, 11, 13, 12, 4, 17, 2]",,,,,
held_out,AR0204SR_HO_n20_high_000,20,high,4784,4784,True,469,469,True,True,"[11, 5, 19, 12, 3, 16, 1, 13, 4, 6, 7, 17, 2, 0, 8, 18, 15, 9, 10, 14]","[11, 5, 19, 12, 3, 16, 1, 13, 4, 6, 7, 17, 2, 0, 8, 18, 15, 9, 10, 14]",,,,,
held_out,AR0204SR_HO_n20_high_001,20,high,5078,5078,True,501,501,True,True,"[3, 5, 19, 12, 18, 6, 4, 15, 11, 13, 9, 14, 16, 1, 2, 10, 8, 7, 0, 17]","[3, 5, 19, 12, 18, 6, 4, 15, 11, 13, 9, 14, 16, 1, 2, 10, 8, 7, 0, 17]",,,,,
held_out,AR0204SR_HO_n20_high_002,20,high,4865,4865,True,496,496,True,True,"[15, 19, 7, 18, 3, 14, 2, 0, 8, 16, 9, 11, 6, 10, 4, 12, 17, 5, 1, 13]","[15, 19, 7, 18, 3, 14, 2, 0, 8, 16, 9, 11, 6, 10, 4, 12, 17, 5, 1, 13]",,,,,
primary,,,,,,,,,,,,,27,27,27,27,0
held_out,,,,,,,,,,,,,27,27,27,27,0
combined,,,,,,,,,,,,,54,54,54,54,0
